score	mean	std	U	n	label
AUC(IMCP)	0.7541543287507626	0.007389477844145569	0.0052861140074573635	10.0	+H
AUC(ROC)	0.9488937735450002	0.004236786467209011	0.0030308144585159077	10.0	+H
AUC(PRC)	0.97655989125	0.0019988774760799303	0.001429910806738321	10.0	+H
AUC(IMCP)	0.6822478018059541	0.005482375607330526	0.003921855251925912	10.0	-H
AUC(ROC)	0.917425928495	0.0049828006238548	0.00356448083743754	10.0	-H
AUC(PRC)	0.90338393852	0.005675963290184049	0.00406033953776946	10.0	-H
