score	mean	std	U	n	label
AUC(IMCP)	0.6951724036896287	0.010241209597747323	0.0073261200114226165	10.0	-
AUC(ROC)	0.9612171283200001	0.012812109441666131	0.009165230969374282	10.0	-
AUC(PRC)	0.9250410694100001	0.027084308969241338	0.01937494746506873	10.0	-
