score	mean	std	U	n	label
Accuracy	92.2775	1.7242400741582755	1.23344704463097	10.0	-
Recall(0)	97.2457	1.161365675975199	0.8307909566866754	10.0	-
Precision(0)	92.9081	1.269397796857497	0.9080724804283945	10.0	-
F_1(0)	95.0245	1.092611677485549	0.7816073090527923	10.0	-
Recall(1)	76.7389	4.2106230061595395	3.0120982459696113	10.0	-
Precision(1)	89.78649999999999	4.557090574039537	3.2599462133535515	10.0	-
F_1(1)	82.7282	4.132033392357272	2.9558786229972025	10.0	-
MCC	0.7821329019499405	0.052005181725326824	0.03720226589439116	10.0	-
