score	mean	std	U	n	label
AUC(IMCP)	0.6266045653824807	0.004868211444900151	0.0034825086769207985	10.0	-
