formula	z	exactMW	u_exactMW
-H-C41H66O12	-1	-751.462704014341	3.31907315113272E-08
-H-C41H66O11	-1	-735.467789394771	3.05216252703396E-08
+H-C26H48O18	1	-647.276788246979	4.91297476465285E-08
-H-C42H79NO2	-1	-630.618357242061	9.49066425370491E-09
+H-C33H40O12	1	-627.244700271719	3.28208187914622E-08
+H-C33H38O11	1	-609.234135587689	3.00981818932789E-08
+H-C30H23F2N3O5S2	1	-606.097443074369	9.74451853478869E-08
+H-C27H47N2O7PS	1	-573.276883581159	5.37094518102995E-08
-H-C35H68O5	-1	-569.513951741811	1.49670450210901E-08
+H-C31H36O10	1	-567.223570903659	2.73760511046952E-08
+H-C28H33NO11	1	-558.198084430969	3.01812125556333E-08
+H-C27H31O11N	1	-544.182434366509	3.01643069024141E-08
+H-C28H31NO10	1	-540.187519746939	2.74703068305431E-08
+H-C30H40N2O7	1	-539.276275182729	2.01538738056779E-08
+H-C27H29NO10	1	-526.171869682479	2.74529305362988E-08
+H-C27H29O10N	1	-526.171869682479	2.74529305362988E-08
+H-C29H34O9	1	-525.213006219629	2.46545940660142E-08
+H-C25H35NO11	1	-524.213734495429	3.0199198496741E-08
+H-C25H33NO11	1	-522.198084430969	3.01812125556333E-08
+H-C28H32NO6P	1	-508.189448299309	2.7422913571597E-08
+H-C25H33NO10	1	-506.203169811399	2.74888693435993E-08
+H-C10H16O13N5P3	1	-505.988470135179	7.53545697559503E-08
+H-C18H34O16	1	-505.177408556619	4.3609014221645E-08
+H-C25H31NO10	1	-504.187519746939	2.74703068305431E-08
-H-C24H43O8P	-1	-491.276831793191	3.09712425243329E-08
+H-C17H32O16	1	-491.161758492159	4.35969383318642E-08
+H-C18H32O15	1	-487.166843872589	4.08838403345122E-08
+H-C20H38O13	1	-485.223964826829	3.55077181340053E-08
+H-C25H27NO9	1	-484.161304998449	2.47445871419539E-08
+H-C17H30O15	1	-473.151193808129	4.08717644483154E-08
-H-C30H46O4	-1	-471.346886413181	1.16821738234746E-08
-H-C18H30O14	-1	-471.170832093201	3.81716015469424E-08
+H-C20H38O12	1	-469.229050207259	3.28017621842923E-08
+H-C18H30O14	1	-469.156279188559	3.81586673414995E-08
-H-C22H43O8P	-1	-467.276831793191	3.09712425243329E-08
+H-C20H36O12	1	-467.213400142799	3.27836983383464E-08
+H-C16H30O15	1	-461.151193808129	4.08717644483154E-08
+H-C19H36O12	1	-455.213400142799	3.27836983383464E-08
+H-C18H30O13	1	-453.161364568989	3.54464956380034E-08
+H-C20H36O11	1	-451.218485523229	3.00784944374835E-08
+H-C20H34O11	1	-449.202835458769	3.00598888897232E-08
-H-C27H43O5	-1	-448.318325936061	1.41693480069484E-08
-H-C28H30O5	-1	-447.216600517071	1.38834017079784E-08
+H-C16H28O14	1	-443.140629124099	3.81465914596817E-08
+H-C17H28O13	1	-439.145714504529	3.54334954489059E-08
+H-C27H50O4	1	-437.363633637459	1.17495880544288E-08
+H-C19H34O11	1	-437.202835458769	3.00598888897232E-08
+H-C16H16F6O7	1	-433.072745376729	1.06593188641909E-07
+H-C20H32O10	1	-431.192270774739	2.73363526654964E-08
-H-C26H23NO3S	-1	-430.147141231151	4.56362110930156E-08
+H-C19H24O9S	1	-427.106827071729	5.10566340359185E-08
+H-C23H27N3O3S	1	-424.170036464289	4.63274652358538E-08
+H-C26H29O4N	1	-418.202381965059	1.15148938716549E-08
+H-C20H26N4O6	1	-417.177958120799	1.99200966612437E-08
-H-C18H35O8P	-1	-411.214231535351	3.08861201212569E-08
-H-C13H25SO8N2P	-1	-401.114200396311	5.46238356766036E-08
+H-C23H15O5P	1	-401.058434127399	2.56231968104297E-08
+H-C19H19ClF3NO3	1	-400.093279193379	1.29493939024178E-06
-H-C18H20O10	-1	-397.112923292621	2.72579896741372E-08
+H-C20H42O4NP	1	-390.277869382469	2.46995113571074E-08
+H-C20H25O5N3	1	-386.172144464569	1.61298585448316E-08
+H-C20H21NO7	1	-386.124525565929	1.93242215742649E-08
-H-C14H25O11N	-1	-384.150037077771	3.01337436162238E-08
+H-C24H44O-2(H2O)	1	-383.353068953429	9.20420016779987E-09
+H-C24H44O-2H2O	1	-383.353068953429	9.20420016779987E-09
-H-C17H34NO6P	-1	-380.219651268411	2.74624868828328E-08
+H-C12H28O13	1	-379.145714504529	3.54334954489059E-08
+H-C15H24O11	1	-379.124585136469	2.99831561651823E-08
+Na-C25H36O4	1	-377.272138936469	4.51326174769038E-08
+H-C12H26O13	1	-377.130064440069	3.54214195725161E-08
+H-C16H25O9N	1	-374.145654933989	2.47279571876919E-08
-H-C17H24O9	-1	-373.149308801971	2.45770535098616E-08
+H-C21H38O5	1	-369.264647870269	1.40037696951485E-08
+H-C23H44O3	1	-367.321768824509	9.04187406409692E-09
+H-C16H16O10	1	-367.067070259059	2.72253725886829E-08
+H-C24H44O-H2O	1	-365.342504269399	6.79963202505554E-09
+H-C23H42O3	1	-365.306118760049	8.96511609852045E-09
+H-C14H22O11	1	-365.108935072009	2.99710803044237E-08
+H-C17H30O8	1	-361.186791471139	2.19115445672088E-08
+H-C12H26O12	1	-361.135149820499	3.27083249317835E-08
+H-C15H22O10	1	-361.114020452439	2.72579896741372E-08
+Li-C24H44O-H2O	1	-359.334325865029	3.23075198208621E-08
+H-C12H24O12	1	-359.119499756039	3.26962490622347E-08
+H-C22H30O4	1	-357.207132992859	1.11900979226148E-08
-H-C21H38O4	-1	-355.284286155341	1.14373436310104E-08
+H-C21H40SO2	1	-355.267625250419	4.52286037020557E-08
+H-C21H41O3N	1	-354.301367732249	9.35683395929713E-09
+H-C16H18O9	1	-353.087805703949	2.45207503833901E-08
+H-C11H11F6NO5	1	-350.046864980869	1.05789763935478E-07
-H-C24H44O	-1	-349.346492490011	4.90447778193246E-09
+H-C18H22O5S	1	-349.111518528989	4.68188936644453E-08
-H-C10H14O7N5P	-1	-348.070361261101	3.20986235506201E-08
+H-C14H20O10	1	-347.098370387979	2.72459138249358E-08
+H-C15H22O9	1	-345.119105832869	2.45462368421649E-08
+H-C21H14O5	1	-345.076847096749	1.36467157910477E-08
+H-C17H28O7	1	-343.176226787109	1.91908536865862E-08
+H-C12H24O11	1	-343.124585136469	2.99831561651823E-08
+Li-C24H44O	1	-341.323761180999	3.19392209758431E-08
+H-C12H22O11	1	-341.108935072009	2.99710803044237E-08
-H-C10H17S2O6N3	-1	-340.063154079741	9.1397933730808E-08
-H-C11H6F9NO	-1	-340.037843734271	1.57356482995029E-07
+H-C21H40O3	1	-339.290468695589	8.89139723670395E-09
+H-C14H12O10	1	-339.035770130139	2.72096541212343E-08
-H-C15H29O6P	-1	-337.177452102831	2.72703297108998E-08
+H-C15H22N4O3S	1	-337.133985307569	4.68956792420014E-08
+H-C13H22O10	1	-337.114020452439	2.72579896741372E-08
-H-C16H16O8	-1	-337.091793924561	2.18076669310575E-08
+H-C13H24N2O8	1	-335.145989286619	2.25593141027455E-08
+H-C17H20O7	1	-335.113626529269	1.91118087315164E-08
+H-C17H25N3O4	1	-334.177229844999	1.39150658132903E-08
+H-C13H18O10	1	-333.082720323519	2.72350409826797E-08
+H-C19H27NO4	1	-332.186731900599	1.14762466265802E-08
+H-C14H18F3N3O3	1	-332.122749488009	5.37494496053875E-08
+H-C13H16O10	1	-331.067070259059	2.72253725886829E-08
+H-C14H6ClF4NO2	1	-329.995042317549	1.29574962444871E-06
+H-C19H38O4	1	-329.269733250699	1.13825430193206E-08
+H-C11H22O11	1	-329.108935072009	2.99710803044237E-08
+H-C18H18O6	1	-329.103061845239	1.63875196086579E-08
+H-C17H10F3N3O	1	-328.070319991029	5.31802828141292E-08
+H-C15H20O8	1	-327.108541148839	2.1821244231334E-08
+H-C19H25SN3	1	-326.169642541119	4.55946052613874E-08
+H-C12H22O10	1	-325.114020452439	2.72579896741372E-08
-H-C12H20O10	-1	-325.112923292621	2.72579896741372E-08
-H-C16H12N4O4	-1	-325.093131335081	1.56583736064964E-08
-H-C18H12O6	-1	-325.070664556501	1.63573692122185E-08
+H-C8H11ClN4O4S2	1	-324.983748429009	1.29703517692837E-06
+H-C14H28O8	1	-323.171141406679	2.18905078066595E-08
+H-C12H20O10	1	-323.098370387979	2.72459138249358E-08
+H-C22H29NO	1	-322.217638106349	4.65696403915863E-09
+H-C12H26N4O6	1	-321.177958120799	1.99200966612437E-08
+H-C13H14ClF3N2O2	1	-321.062313417089	1.29493370911992E-06
+H-C15H19BrN2O	1	-321.060799388479	0.000110485672827504
+H-C10H14N2O6S2	1	-321.022052073979	9.11761473654971E-08
+H-C12H15N7O4	1	-320.111275540419	2.24552984335111E-08
+H-C12H24N4O6	1	-319.162308056339	1.99002621563094E-08
+H-C13H20O9	1	-319.103455768409	2.45328262169713E-08
+H-C15H12O8	1	-319.045940890999	2.17759536426054E-08
+H-C19H29NO3	1	-318.207467345489	8.9909341206867E-09
+H-C13H21NO8	1	-318.119440185499	2.20075215838755E-08
-H-C20H28O3	-1	-317.211121213471	8.57102135131865E-09
+H-C17H18O6	1	-317.103061845239	1.63875196086579E-08
-H-C11H13O8N3	-1	-316.077540841161	2.33538046370061E-08
+H-C19H28O2N2	1	-315.207801698119	8.18206806567561E-09
+H-C13H16O9	1	-315.072155639489	2.45100113143363E-08
-H-C13H14O9	-1	-315.071058479671	2.45100113143363E-08
+H-C14H22ClN3O3	1	-314.127692810739	1.29390194495201E-06
+H-C17H14O6	1	-313.071761716319	1.63573692122185E-08
+H-C13H14O9	1	-313.056505575029	2.45006107675954E-08
-H-C12H13O7N3	-1	-312.082626221591	2.08445370351559E-08
+H-C19H36O3	1	-311.259168566669	8.75338079935755E-09
-H-C22H30O	-1	-311.236942038791	3.91153372522357E-09
-H-C15H35O4P	-1	-311.234573057071	2.44755985083437E-08
+H-C12H16N4O6	1	-311.099707798499	1.98373220570616E-08
+H-C11H20O10	1	-311.098370387979	2.72459138249358E-08
+H-C13H12O9	1	-311.040855510569	2.44925502843923E-08
+H-C15H22N2O5	1	-309.145595363449	1.4827152122368E-08
+H-C12H22O9	1	-309.119105832869	2.45462368421649E-08
-H-C12H20O9	-1	-309.118008673051	2.45462368421649E-08
-H-C15H16O7	-1	-309.096879304991	1.90963051442545E-08
+H-C13H8Cl2O3N2	1	-308.983921037089	2.58771409603616E-06
+H-C11H19O9N	1	-308.098704740609	2.46860000157937E-08
+H-C16H24O4N2	1	-307.166330808339	1.2410687288916E-08
+H-C11H21N2O6P	1	-307.106446949209	2.77656446862992E-08
+H-C12H20O9	1	-307.103455768409	2.45328262169713E-08
+H-C15H16O7	1	-307.082326400349	1.9082513603476E-08
+H-C10H16N2O7S	1	-307.060545583609	4.89801412353331E-08
+H-C7H6Br2N2O2	1	-306.872326189059	0.000220971345418376
+H-C10H17N3O6S	1	-306.076530000699	4.83984341235941E-08
-H-C10H15SO6N3	-1	-306.075432840881	4.83984341235941E-08
-H-C19H28O3	-1	-305.211121213471	8.57102135131865E-09
+H-C18H26O4	1	-305.175832863939	1.11104096699872E-08
+H-C14H26O7	1	-305.160576722649	1.91685479372997E-08
+H-C14H9ClFN3O2	1	-304.029455934909	1.29400451004888E-06
+H-C20H33ON	1	-302.248938235269	4.86434546682721E-09
-H-C10H20O10	-1	-301.112923292621	2.72579896741372E-08
+H-C13H18O8	1	-301.092891084379	2.18076669310575E-08
+H-C15H10O7	1	-301.035376206969	1.9051446133343E-08
+H-C18H24N2O2	1	-299.176501569199	8.0808901448104E-09
+H-C20H42O	1	-297.316289520909	4.60692135372841E-09
-H-C11H18O9	-1	-295.102358608591	2.45328262169713E-08
-H-C13H19N5O3	-1	-294.156065945551	1.63070618524408E-08
+H-C14H21N3O2S	1	-294.128171651339	4.59020132681455E-08
+H-C12H13ClF3NO2	1	-294.051414380429	1.2949245441352E-06
+H-C12H14BrN3O	1	-294.024748231759	0.00011048567299921
-H-C12H20O8	-1	-293.123094053481	2.18363202193746E-08
+H-C11H18O9	1	-293.087805703949	2.45207503833901E-08
+H-C13H14O6N2	1	-293.077909725179	1.72898033706749E-08
+H-C11H13F2BrO2	1	-292.999422131269	0.000110485678309313
+H-C16H24N2O3	1	-291.171416188769	1.01128272243875E-08
+H-C15H20N2O4	1	-291.135030679419	1.23548767315673E-08
+H-C11H20N2O7	1	-291.119774538129	1.99156974781662E-08
+H-C12H20O8	1	-291.108541148839	2.1821244231334E-08
+H-C19H16O3	1	-291.102667922069	8.27009153058703E-09
+H-C11H11Cl3N2O	1	-290.986419576639	3.88154774750053E-06
+H-C16H21NO4	1	-290.139781707219	1.13768850069637E-08
+H-C11H17O8N	1	-290.088140056579	2.19805887229976E-08
+H-C11H18NO6P	1	-290.079897848089	2.73219228648191E-08
-H-C9H11O8N3	-1	-290.061890776701	2.3344643356148E-08
+H-C10H11Cl2N3O3	1	-290.010470138209	2.58772175467745E-06
+H-C17H26O2N2	1	-289.192151633659	8.12961269901242E-09
-H-C15H12O6	-1	-289.070664556501	1.63573692122185E-08
-H-C16H21N3O2	-1	-288.170653381581	1.02052817246738E-08
+H-C16H20N2O3	1	-287.140116059849	1.0044256793774E-08
-H-C17H19NO3	-1	-286.143769927831	8.81349124630682E-09
+H-C12H18O5NP	1	-286.084983228519	2.57906338302866E-08
+H-C12H11F2NO5	1	-286.053252329949	3.76231947759417E-08
+H-C5H7O6P-C6H7N	1	-286.048597719169	2.73038495024385E-08
+H-C20H30O	1	-285.222389134149	3.78322940148341E-09
-H-C13H16O7	-1	-285.096879304991	1.90963051442545E-08
+H-C15H10O6	1	-285.040461587399	1.63352235532098E-08
+H-C10H8Cl2N4S	1	-284.977396361639	2.58810652002584E-06
+H-C9H6Cl4O2	1	-284.904913708199	5.17539307405862E-06
+H-C18H17F2N	1	-284.125629425479	3.50990853620497E-08
+H-C16H15NO4	1	-284.092831513839	1.13028824251535E-08
-H-C18H34O2	-1	-283.263156787281	6.29707761431774E-09
-H-C19H22O2	-1	-283.169256400521	5.82468990425472E-09
-H-C10H18O9	-1	-283.102358608591	2.45328262169713E-08
+H-C13H16O7	1	-283.082326400349	1.9082513603476E-08
+H-C13H8F3NOS	1	-282.020593092109	6.90555558856344E-08
+H-C18H34O2	1	-281.248603882639	6.20759848230541E-09
+H-C10H18O9	1	-281.087805703949	2.45207503833901E-08
-H-C16H25NO3	-1	-280.190720121211	8.94138423965477E-09
-H-C17H27SO	-1	-280.185538116501	4.49152758841982E-08
+H-C10H19SO6N	1	-280.086032056299	4.77516526760483E-08
+H-C18H32O2	1	-279.232953818179	6.12218828902324E-09
+H-C14H14N7	1	-279.123792029909	1.9639733375906E-08
+H-C14H16O6	1	-279.087411780779	1.63714463071689E-08
+H-C8H10F6N2O2	1	-279.057370094359	1.05164540182544E-07
+H-C13H13NO6	1	-278.067010688519	1.65891919414545E-08
+H-C10H8F3NO5	1	-278.028180395989	5.42455565795112E-08
+H-C13H16N3O4	1	-277.106804554929	1.38109119106492E-08
+H-C11H18O8	1	-277.092891084379	2.18076669310575E-08
-H-C11H16O8	-1	-277.091793924561	2.18076669310575E-08
+H-C18H31ON	1	-276.233288170809	4.75832705846839E-09
-H-C16H21NO3	-1	-276.159419992291	8.85261079649648E-09
+H-C15H21N2O3	1	-276.147941092079	1.0060216585022E-08
+H-C14H15SO3N	1	-276.069988068669	4.56019451729689E-08
+H-C16H24N2O2	1	-275.176501569199	8.0808901448104E-09
+H-C17H24O3	1	-275.165268179909	8.41994663988713E-09
-H-C11H14O6S	-1	-275.058385795361	4.76609105152543E-08
+H-C16H22N2O2	1	-273.160851504739	8.03596830014888E-09
-H-C17H20O3	-1	-273.148520955631	8.37684322445219E-09
+H-C13H22O6	1	-273.134361974159	1.64256306628171E-08
+H-C12H18O7	1	-273.097976464809	1.90963051442545E-08
-H-C15H12O5	-1	-273.075749936931	1.36467157910477E-08
+H-C11H14O6S	1	-273.043832890719	4.76560768895153E-08
+H-C13H18F3N3	1	-272.138005629299	5.31268298771347E-08
+H-C10H9Cl2N3O2	1	-271.999905454179	2.58771455438203E-06
+H-C16H20N2O2	1	-271.145201440279	7.99491123161826E-09
-H-C12H18N2O5	-1	-271.128848139171	1.48049403626053E-08
+H-C19H13NO	1	-270.092437590669	4.05239024597597E-09
+H-C19H13ON	1	-270.092437590669	4.05239024597597E-09
+H-C10H13N3O4S	1	-270.055400632639	4.68360226383201E-08
+H-C18H38O	1	-269.284989391989	4.31935397637485E-09
-H-C13H16O6	-1	-269.101964685421	1.63875196086579E-08
+H-C12H12F2N2O3	1	-269.074322127469	3.63443079838869E-08
+H-C12H14O7	1	-269.066676335889	1.90704378235836E-08
+H-C7H6F4O3N4	1	-269.030326268409	7.1275723342667E-08
+H-C13H19O5N	1	-268.119046262329	1.39768208358047E-08
+H-C15H12FN3O	1	-268.089163730029	1.96081418945445E-08
-H-C8H4F3NO4S	-1	-267.988589726541	6.98525433410379E-08
+H-C16H28O3	1	-267.196568308829	8.51709772853414E-09
+H-C10H9BrN2O2	1	-266.977463685749	0.000110485672918204
+H-C18H21NO	1	-266.155037848509	4.30442163922348E-09
+H-C8H4F3NO4S	1	-265.974036821899	6.98516010913685E-08
+H-C19H38	1	-265.290074772419	3.3560573573259E-09
-H-C18H32O	-1	-265.252592103251	4.04390721392424E-09
+H-C10H18O8	1	-265.092891084379	2.18076669310575E-08
-H-C10H16O8	-1	-265.091793924561	2.18076669310575E-08
+H-C13H15FN2OS	1	-265.081635996689	4.8470787014536E-08
-H-C9H13O7P	-1	-265.047166206721	2.88790055522614E-08
+H-C16H24FNO	1	-264.176916107929	1.80302081281033E-08
+H-C11H23NO4S	1	-264.127502946079	4.61915873226041E-08
+H-C13H16FN3O2	1	-264.115378478519	2.01870244740201E-08
+H-C13H16ClN3O	1	-264.090913378219	1.29387840096348E-06
+H-C20H24	1	-263.180524321199	2.0861978167161E-09
+H-C15H24O2N2	1	-263.176501569199	8.0808901448104E-09
+H-C10H16O8	1	-263.077241019919	2.17955911193137E-08
-H-C10H14O8	-1	-263.076143860101	2.17955911193137E-08
+H-C9H13O7P	1	-263.032613302079	2.88715975326937E-08
+H-C19H21N	1	-262.160123228939	3.33681702534787E-09
-H-C14H19N3O2	-1	-262.155003317121	1.0171365941428E-08
-H-C15H19NO3	-1	-262.143769927831	8.81349124630682E-09
-H-C18H28O	-1	-261.221291974331	3.78322940148341E-09
-H-C12H24N2O4	-1	-261.180883712981	1.24424666399678E-08
+H-C9H14N2O7	1	-261.072824344749	1.98759998952237E-08
+H-C10H12F2N2O2S	1	-261.051478682299	5.7336536090388E-08
+H-C11H7ClN4O2	1	-261.018476712149	1.29390758816988E-06
+H-C13H15N3O3	1	-260.104064903129	1.17790836955779E-08
+H-C10H15NO5S	1	-260.059817307809	4.68810896648049E-08
+H-C19H32	1	-259.243124579039	2.8118318399217E-09
+H-C18H28O	1	-259.206739069689	3.6594222791159E-09
+H-C11H16O7	1	-259.082326400349	1.9082513603476E-08
+H-C7H8N4O5S	1	-259.014264095489	4.81069517810467E-08
+H-C10H9ClO6	1	-259.001489237169	1.29395060969263E-06
+H-C12H9AsO2	1	-258.974572646889	7.11755150529585E-05
+H-C11H11F2NO4	1	-258.058337710379	3.67282112967725E-08
+H-C10H14BrO2N	1	-258.013514842469	0.000110485672815627
-H-C16H30O-H2O	-1	-257.247506722821	6.20759848230541E-09
+H-C13H26N2O3	1	-257.187066253229	1.01518023805511E-08
-H-C17H20O2	-1	-257.153606336061	5.76220560803159E-09
+H-C10H17F3O4	1	-257.100617062059	5.35714170841061E-08
+H-C8H18O9	1	-257.087805703949	2.45207503833901E-08
+H-C10H14O6N2	1	-257.077909725179	1.72898033706749E-08
+H-C10H8F6O	1	-257.040657401469	1.04908352255784E-07
-H-C6H9O9P	-1	-257.005695316941	3.27078809124979E-08
+H-C10H11NO5S	1	-256.028517178889	4.68726652864549E-08
-H-C10H9NO5S	-1	-256.027420019071	4.68726652864549E-08
+H-C16H32O2	1	-255.232953818179	6.12218828902324E-09
+H-C16H20N2O	1	-255.150286820709	6.46045758741313E-09
-H-C16H14O3	-1	-255.101570762251	8.27009153058703E-09
+H-C11H16N2O5	1	-255.098645170069	1.47671036962932E-08
+H-C12H16O6	1	-255.087411780779	1.63714463071689E-08
+H-C7H7F3N2O3S	1	-255.005671303449	6.96508632851302E-08
+H-C10H3F3N2OS	1	-254.984541935389	6.92230445855682E-08
+H-C14H25NO3	1	-254.176167216569	8.8952586230935E-09
+H-C17H21NO	1	-254.155037848509	4.30442163922348E-09
+H-C13H21NO4	1	-254.139781707219	1.13768850069637E-08
+H-C11H14BrON	1	-254.018600222899	0.000110485672715248
+H-C10H7Cl2N3O	1	-253.989340770149	2.58771022402121E-06
+H-C16H30O2	1	-253.217303753719	6.04101962146626E-09
+H-C13H18O5	1	-253.108147225669	1.3682840467569E-08
+H-C8H9F3N2O2S	1	-253.026406748339	6.93866314987831E-08
+H-C15H11NO3	1	-252.066616765349	8.67233817954793E-09
+H-C11H12ClN3O2	1	-252.054527868869	1.29388664184232E-06
+H-C6H8ClSO4N3	1	-251.985128153489	1.29469467909834E-06
+H-C18H36	1	-251.274424707959	3.1746488515245E-09
-H-C14H18O4	-1	-251.127785510741	1.10122298377965E-08
+H-C13H12N6	1	-251.105067961019	1.6833284174715E-08
+H-C10H15F3N2O2	1	-251.101285767319	5.30287892781892E-08
+H-C13H17ClN2O	1	-251.095664406019	1.29386334452623E-06
-H-C13H13FNO3	-1	-251.095222897181	1.95319817060543E-08
+H-C15H12N2O2	1	-251.082601182439	7.8704550594505E-09
+H-C2Br2Cl2	1	-250.767104111679	0.000220986496421804
+H-C11H13N3O4	1	-250.083329458239	1.37867646539235E-08
+H-C12H14ClN3O	1	-250.075263313759	1.29387822292253E-06
+H-C12H14ClON3	1	-250.075263313759	1.29387822292253E-06
+H-C11H13N3O2S	1	-250.065571393499	4.5879065412522E-08
-H-C9H15NO3S2	-1	-250.056612147711	8.99480152649952E-08
+H-C8H4F3NO3S	1	-249.979122202329	6.94801431382717E-08
+H-C16H26O2	1	-249.186003624799	5.89209891160842E-09
-H-C10H16O7	-1	-249.096879304991	1.90963051442545E-08
+H-C12H14N2O4	1	-249.088080486039	1.22907829223904E-08
+H-C9H6F4SN2	1	-249.011505575239	8.32051817841388E-08
+H-C13H16FN3O	1	-248.120463858949	1.96299481342156E-08
+H-C14H11N5	1	-248.094168924359	1.4032419881224E-08
+H-C15H24N2O	1	-247.181586949629	6.56655862456141E-09
-H-C10H18O5N2	-1	-247.128848139171	1.48049403626053E-08
+H-C11H20O6	1	-247.118711909699	1.64055832493616E-08
+H-C6H16O10	1	-247.067070259059	2.72253725886829E-08
+H-C13H17N3O2	1	-246.124800348019	1.01129599751638E-08
+H-C15H18ClN	1	-246.105500814249	1.29385149912216E-06
+H-C6H4BrSO2-C2H4	1	-245.935561819059	0.000110485681842623
+H-C14H18N2O2	1	-245.129551375819	7.95777875879117E-09
+H-C10H14O7	1	-245.066676335889	1.90704378235836E-08
+H-C14H19ON3	1	-244.145535792909	8.9805523147624E-09
+H-C15H19NO2	1	-244.134302403619	6.33118212795544E-09
-H-C7H17NO8	-1	-244.102692961221	2.19933111284131E-08
+H-C14H15NO3	1	-244.097916894269	8.71775582382846E-09
+H-C13H11S2N	1	-244.026015255439	8.95701887752316E-08
+H-C10H16N2O3S	1	-243.080887105329	4.58618177128929E-08
+H-C10H12O7	1	-243.051026271429	1.90600810657101E-08
-H-C10H10O7	-1	-243.049929111611	1.90600810657101E-08
-H-C6H9O5SO3H	-1	-243.016914905581	4.97768047789275E-08
+H-C13H25O3N	1	-242.176167216569	8.8952586230935E-09
+H-C10H13NO4S	1	-242.049252623779	4.61612984054143E-08
+H-C6H9N7O2S	1	-242.046567282299	4.91728399904317E-08
+H-C8H9N3O4S	1	-242.024100503719	4.68289956721014E-08
-H-C9H7NO5S	-1	-242.011769954611	4.6869505754192E-08
-H-C16H32O	-1	-241.252592103251	4.04390721392424E-09
+H-C16H18O2	1	-241.123403366959	5.65265156560185E-09
-H-C15H12O3	-1	-241.085920697791	8.24218947128783E-09
+H-C11H12F2N2O2	1	-241.079407507899	3.58321117698888E-08
+H-C11H14O6	1	-241.071761716319	1.63573692122185E-08
+H-C9H10ClF3O2	1	-241.024865279309	1.294921315464E-06
+H-C17H23N	1	-240.175773293399	3.43881343288211E-09
+H-C16H19NO	1	-240.139387784049	4.23116695187634E-09
+H-C14H12FN3	1	-240.094249110459	1.94186902433976E-08
+H-C11H10F3N3	1	-240.075405371459	5.3110721915666E-08
+H-C7H12ClNO4S	1	-240.010280273549	1.29467067507621E-06
-H-C16H30O	-1	-239.236942038791	3.91153372522357E-09
-H-C14H22SO	-1	-239.146412955351	4.48919152640272E-08
+H-C12H16O5	1	-239.092497161209	1.36635858589651E-08
+H-C8H16O8	1	-239.077241019919	2.17955911193137E-08
+H-C14H9FN2O	1	-239.062614628909	1.85686041030743E-08
+H-C10H12SO3N2	1	-239.049586976409	4.58524883592506E-08
+H-C10H12N2O3S	1	-239.049586976409	4.58524883592506E-08
+H-C11H13ClSN2	1	-239.041520831929	1.29463414804897E-06
+H-H3O9P3	1	-238.891716215759	6.94964853171366E-08
+H-C6H3BrCl2O	1	-238.867156227939	0.00011051597184146
+H-C12H17SO2N	1	-238.090723513559	4.52002494496468E-08
-2H+3Li-C15H31CO2H	1	-237.208418605069	9.49221520508619E-08
+H-C14H26N2O	1	-237.197237014089	6.62642507489915E-09
+H-C15H26S	1	-237.168245560059	4.48183017905463E-08
-H-C16H12O2	-1	-237.091006078221	5.56463820412326E-09
+H-C12H14O5	1	-237.076847096749	1.36467157910477E-08
+H-C8H2Cl4	1	-236.883784340139	5.17539019773084E-06
+H-C13H19O3N	1	-236.129217023189	8.77794714470087E-09
-H-C12H10FNO3	-1	-236.071747800491	1.95161795634691E-08
-H-C8H11O8	-1	-236.052668763411	2.17802980709463E-08
+H-C10H7NO4S	1	-236.002302430399	4.61516730599479E-08
+H-C6H3Cl2SO2-C2H4	1	-235.947104550829	2.58808796831654E-06
+H-C9H16O7	1	-235.082326400349	1.9082513603476E-08
-H-C13H19N3O	-1	-234.160088697551	9.01529765186647E-09
+H-C14H21O2N	1	-234.149952468079	6.38037138502981E-09
-H-C12H15N3O2	-1	-234.123703188201	1.01129599751638E-08
-H-C13H15NO3	-1	-234.112469798911	8.7460220839849E-09
+H-C9H8F3NO3	1	-234.038351156849	5.31439671460452E-08
+H-C8H10ClNO3S	1	-233.999715589519	1.29465055977562E-06
-2H+Li-C16H30O	-1	-233.228763634421	3.18215426097001E-08
+H-C10H18O6	1	-233.103061845239	1.63875196086579E-08
-H-C10H16O6	-1	-233.101964685421	1.63875196086579E-08
-H-C10H8N4OS	-1	-233.049158521851	4.62287068295256E-08
+H-C11H10N2O2S	1	-233.039022292379	4.54439556964138E-08
+H-C7H7ClN2O3S	1	-232.979314497259	1.29465950428301E-06
+H-C14H16FNO	1	-232.114315850089	1.79607159558983E-08
+H-C13H15NO3	1	-232.097916894269	8.71775582382846E-09
-H-C10H15O6	-1	-232.094139653191	1.63792337822878E-08
+H-C8H16N4O4	1	-231.109878559359	1.56730785311726E-08
+H-C12H12N2O3	1	-231.077515802009	9.94547896185245E-09
-H-C12H10N2O3	-1	-231.076418642191	9.94547896185245E-09
-H-C8H10N2O4S	-1	-231.043404436161	4.64134309575166E-08
+H-C15H18FN	1	-230.135051294979	1.7768516105644E-08
+H-C13H17N3O	1	-230.129885728449	8.94935003766048E-09
+H-C14H17NO2	1	-230.118652339159	6.28684446727703E-09
+H-C9H13NO4S	1	-230.049252623779	4.61612984054143E-08
+H-C13H10ClNO	1	-230.037815175979	1.29385369505523E-06
+H-C6H4FN4O3S	1	-229.991537890159	5.00114946523786E-08
+H-C9H7Cl2NO2	1	-229.978107380859	2.5877023857181E-06
+H-C6H3N2O6S	1	-229.963905545049	4.7969969141168E-08
+H-C14H18N2O	1	-229.134636756249	6.4144484884654E-09
+H-C14H18ON2	1	-229.134636756249	6.4144484884654E-09
+H-C7H18O8	1	-229.092891084379	2.18076669310575E-08
+H-C14H14O3	1	-229.087017857609	8.24218947128783E-09
-H-C11H13ClO3	-1	-229.062598412021	1.29387388739481E-06
+H-C12H10N2O3	1	-229.061865737549	9.92892045092913E-09
+H-C6H14O9	1	-229.056505575029	2.45006107675954E-08
+H-C9H5F3SN2	1	-229.005277380279	6.9170332737713E-08
+H-C16H23N	1	-228.175773293399	3.43881343288211E-09
+H-C10H15O5N	1	-228.087746133409	1.39390972162805E-08
+H-C11H10F3NO	1	-228.064171982169	5.25870224873708E-08
+H-C14H12ClN	1	-228.058550620869	1.29385096498814E-06
+H-C10H9F2NO3	1	-228.047773026349	3.60126288839572E-08
+H-C9H11NO4S	1	-228.033602559319	4.61573772106687E-08
+H-C6H4BrN3S	1	-227.923654464289	0.000110485682026751
+H-C15H20N2	1	-227.155372201139	5.86035958377981E-09
-H-C9H16F2O4	-1	-227.108941771741	3.66425028378227E-08
-H-C6H11O7P	-1	-227.031516142261	2.88715975326937E-08
+H-C8H8N2O4S	1	-227.013201467059	4.64070491457987E-08
+H-C13H25NO2	1	-226.181252596999	6.49285276545676E-09
+H-C16H21N	1	-226.160123228939	3.33681702534787E-09
+H-C12H21NOS	1	-226.127109022909	4.49673902133844E-08
+H-C11H17O4N	1	-226.108481578299	1.13246980889779E-08
-H-C7H15NO7	-1	-226.092128277191	1.9293543318844E-08
+H-C11H17NO2S	1	-226.090723513559	4.52002494496468E-08
+H-C11H17SO2N	1	-226.090723513559	4.52002494496468E-08
+H-C11H18N2O3	1	-225.124465995389	1.00147257432087E-08
+H-C8H18O7	1	-225.097976464809	1.90963051442545E-08
+H-C10H14N2O4	1	-225.088080486039	1.22907829223904E-08
+H-C9H10N2O3S	1	-225.033936911949	4.58488996408359E-08
+H-C6H5F3N2O2S	1	-224.995106619419	6.93837857297812E-08
+H-C13H20ClN	1	-224.121150878709	1.29385172803668E-06
+H-C15H12FN	1	-224.088101101599	1.77295793707999E-08
+H-C14H11NO2	1	-224.071702145779	6.18392760004716E-09
+H-C11H9F2NO2	1	-224.052858406779	3.54956469189647E-08
+H-C7H6F3NO2S	1	-223.999857647219	6.92145464318073E-08
+H-C6H5Cl2NO2S	1	-223.934528490799	2.58808945182404E-06
+H-C16H32	1	-223.243124579039	2.8118318399217E-09
+H-C14H24O2	1	-223.170353560339	5.82468990425472E-09
-H-C12H14O2S	-1	-223.078727317081	4.51105759433531E-08
-H-C13H17O3	-1	-222.125045858941	8.31918943240388E-09
+H-C12H17NO3	1	-222.113566958729	8.7460220839849E-09
+H-C12H17O3N	1	-222.113566958729	8.7460220839849E-09
+H-C11H13NO4	1	-222.077181449379	1.12839414000224E-08
+H-C8H8F3NO3	1	-222.038351156849	5.31439671460452E-08
+H-C10H9NO3S	1	-222.023037875289	4.55900362474216E-08
+H-C10H9SO3N	1	-222.023037875289	4.55900362474216E-08
+H-C7H10ClNO3S	1	-221.999715589519	1.29465055977562E-06
+H-C6H10SO4NP	1	-221.999539525509	5.09945132327351E-08
+H-C12H14O4	1	-221.081932477179	1.09402729304874E-08
+H-C8H14O7	1	-221.066676335889	1.90704378235836E-08
-H-C7H8O8	-1	-221.029193666721	2.1768396049896E-08
+H-C15H27N	1	-220.207073422319	3.66129376492396E-09
+H-C13H16FNO	1	-220.114315850089	1.79607159558983E-08
+H-C13H16FON	1	-220.114315850089	1.79607159558983E-08
+H-C13H16ClN	1	-220.089850749789	1.29385129564256E-06
+H-C8H15NO6	1	-220.082660752979	1.66020814016834E-08
+H-C12H15SON	1	-220.080158829529	4.49487243562923E-08
+H-C10H11F4N	1	-220.075485557559	6.99760734365702E-08
+H-C12H12ClNO	1	-220.053465240439	1.29385382222974E-06
+H-C10H7NO3S	1	-220.007387810829	4.55875097117552E-08
+H-C8H3ClF3NO	1	-219.978249438559	1.29491553473336E-06
+H-C6H7S2O4N	1	-219.974373604799	9.02252256139934E-08
-H-C12H14N2O2	-1	-219.112804151541	7.92462605037199E-09
+H-C12H13FN2O	1	-219.093914757829	1.85863186041844E-08
+H-C12H13FON2	1	-219.093914757829	1.85863186041844E-08
+H-C11H12N2O3	1	-219.077515802009	9.94547896185245E-09
+H-C12H12O4	1	-219.066282412719	1.09222096318387E-08
-H-C7H6O8	-1	-219.013543602261	2.17623480860249E-08
+H-C14H18FN	1	-218.135051294979	1.7768516105644E-08
-H-C13H15NO2	-1	-218.117555179341	6.28684446727703E-09
+H-C12H13O3N	1	-218.082266829809	8.69318405454485E-09
+H-C11H13SN3	1	-218.075742154359	4.55556127384564E-08
+H-C6H12Cl3ON	1	-217.991170604439	3.88154473870509E-06
+H-C8H7Cl2NO2	1	-217.978107380859	2.5877023857181E-06
+H-C6H4BrSO2	1	-217.904261690139	0.000110485681841134
-H-C11H20O4	-1	-217.143435575201	1.10420734882538E-08
+H-C14H18O2	1	-217.123403366959	5.65265156560185E-09
-H-C14H16O2	-1	-217.122306207141	5.65265156560185E-09
+H-C6H18O8	1	-217.092891084379	2.18076669310575E-08
+H-C9H14O6	1	-217.071761716319	1.63573692122185E-08
+H-C12H10O2S	1	-217.032874283519	4.50974426801105E-08
+H-C14H19NO	1	-216.139387784049	4.23116695187634E-09
+H-C14H19ON	1	-216.139387784049	4.23116695187634E-09
+H-C12H15N3O	1	-216.114235663989	8.92172799444801E-09
+H-C12H15ON3	1	-216.114235663989	8.92172799444801E-09
+H-C13H15NO2	1	-216.103002274699	6.2474616978478E-09
+H-C13H15O2N	1	-216.103002274699	6.2474616978478E-09
+H-C3H6O2-C6H9NO3	1	-216.087746133409	1.39390972162805E-08
+H-C9H15NO3S	1	-216.069988068669	4.56019451729689E-08
+H-C12H8ClNO	1	-216.022165111519	1.2938535933156E-06
+H-C6H8BrN3O	1	-215.977798038379	0.000110485672994742
+H-C7H4ClSO3N	1	-215.952765396139	1.29465033100235E-06
+H-C10H16O5	1	-215.092497161209	1.36635858589651E-08
+H-C6H16O8	1	-215.077241019919	2.17955911193137E-08
+H-C9H12O6	1	-215.056111651859	1.63452934814004E-08
+H-C7H11F3O4	1	-215.053666868679	5.35594368492252E-08
-H-C7H7BrN2O	-1	-214.981451906361	0.000110485672817824
+H-C15H21N	1	-214.160123228939	3.33681702534787E-09
+H-C14H17NO	1	-214.123737719589	4.16453118526442E-09
+H-C10H14ClNO2	1	-214.064029924469	1.29386254652511E-06
+H-C10H8F3NO	1	-214.048521917709	5.25845192211493E-08
+H-C8H9NO4S	1	-214.017952494859	4.61541687126327E-08
+H-C8H9SO4N	1	-214.017952494859	4.61541687126327E-08
+H-C7H18O7	1	-213.097976464809	1.90963051442545E-08
+H-C10H14O5	1	-213.076847096749	1.36467157910477E-08
+H-C8H11ClN4O	1	-213.054862221499	1.29389922025441E-06
+H-C8H10N2O5	1	-213.051694976689	1.47269353879856E-08
-H-C6H9ClO6	-1	-213.016042141811	1.29395072414112E-06
+H-C8H7ClN2O3	1	-213.007243322859	1.29388550262123E-06
+H-C7H7BrN2O	1	-212.966899001719	0.000110485672816782
-H-C7H5BrN2O	-1	-212.965801841901	0.000110485672816782
+H-C15H19N	1	-212.144473164479	3.24177050191505E-09
+H-C14H15NO	1	-212.108087655129	4.10483669631125E-09
+H-C10H15O4N	1	-212.092831513839	1.13028824251535E-08
+H-C6H15SO5N	1	-212.059817307809	4.68810896648049E-08
+H-C9H11NO3S	1	-212.038687939749	4.55932844446965E-08
-H-C7H5O5N3	-1	-212.030196724611	1.59915482511659E-08
+H-C7H7N3O3S	1	-212.013535819689	4.62706017663798E-08
+H-C7H7ClF3NO	1	-212.009549567479	1.29491563638955E-06
+H-C4H8NPO5S	1	-211.978804080619	5.1640298097163E-08
-H-C14H26O	-1	-211.205641909871	3.6594222791159E-09
-H-C9H22SO3	-1	-211.136242194491	4.55459508449775E-08
+H-C12H12N4	1	-211.098919952159	1.1246803583591E-08
+H-C7H16O7	1	-211.082326400349	1.9082513603476E-08
-H-C14H10O2	-1	-211.075356013761	5.52904058504394E-09
+H-C6H2-3(OCH3)-OCOH	1	-211.061197032289	1.36322391165174E-08
+H-C10H12O5	1	-211.061197032289	1.36322391165174E-08
-H-C10H10O5	-1	-211.060099872471	1.36322391165174E-08
+H-C6H12O8	1	-211.045940890999	2.17759536426054E-08
+H-C8H8N2O3S	1	-211.018286847489	4.58460284638443E-08
+H-C6H7F3N2OS	1	-211.015842064309	6.92249461831743E-08
+H-C5H9O7P	1	-211.001313173159	2.88601968664509E-08
-H-C5H7O5PS	-1	-210.982457948601	5.1565495762412E-08
+H-C9H17N5O	1	-210.136033737309	1.43382690135051E-08
+H-C11H17NO3	1	-210.113566958729	8.7460220839849E-09
+H-C14H13NO	1	-210.092437590669	4.05239024597597E-09
+H-C6H2-3(CH3)-SO2-C2H4	1	-210.071999444669	4.51079313575528E-08
+H-C11H14ClON	1	-210.069115304899	1.29385397483915E-06
+H-C9H9NO3S	1	-210.023037875289	4.55900362474216E-08
+H-C5H7PO6-NH3	1	-210.017297590249	2.72905880962708E-08
+H-C14H26O	1	-209.191089005229	3.5405841638754E-09
+H-C9H10N2O2S	1	-209.039022292379	4.54439556964138E-08
+H-C7H6ClF3N2	1	-209.009883920109	1.29492183219616E-06
+H-C5H7O5PS	1	-208.967905043959	5.15632620176564E-08
-H-C13H18FN	-1	-208.149604199621	1.77851771828149E-08
+H-C12H19NO2	1	-208.134302403619	6.33118212795544E-09
+H-C11H15NO3	1	-208.097916894269	8.71775582382846E-09
+H-C10H11NO4	1	-208.061531384919	1.12678895101697E-08
-H-C10H9NO4	-1	-208.060434225101	1.12678895101697E-08
+H-C9H11SON3	1	-208.055006709469	4.56327245544032E-08
+H-C9H8ClN3O	1	-208.028313120379	1.29387784140613E-06
+H-C6H3Cl2SO2	1	-207.915804421909	2.58808791745421E-06
-H-C12H16O2N	-1	-207.125380211571	6.30840019220743E-09
+H-C9H20O5	1	-207.123797290129	1.37044695661135E-08
-H-C12H14O3	-1	-207.101570762251	8.27009153058703E-09
+H-C8H16O6	1	-207.087411780779	1.63714463071689E-08
-H-C6H6N8O	-1	-207.073733300711	2.25782462212869E-08
-H-C11H10O4	-1	-207.065185252901	1.09222096318387E-08
+H-C12H17NO2	1	-206.118652339159	6.28684446727703E-09
+H-C12H17O2N	1	-206.118652339159	6.28684446727702E-09
+H-C8H17NO5	1	-206.103396197869	1.3956792858482E-08
+H-C8H17O5N	1	-206.103396197869	1.3956792858482E-08
+H-C12H14FNO	1	-206.098665785629	1.79478854187557E-08
-H-C8H13O6	-1	-206.078489588731	1.63641578947766E-08
+H-C10H10ClN3	1	-206.049048565269	1.29387508595551E-06
+H-C7H10ClNO2S	1	-206.004800969949	1.29463628229645E-06
+H-C10H6ClNO2	1	-206.001429666629	1.29386208869987E-06
+H-C13H18O2	1	-205.123403366959	5.65265156560185E-09
-H-C12H12O3	-1	-205.085920697791	8.24218947128783E-09
+H-C8H14O6	1	-205.071761716319	1.63573692122185E-08
+H-C10H10N2O3	1	-205.061865737549	9.92892045092913E-09
-H-C10H8N2OS	-1	-205.043010512991	4.51992479580682E-08
-H-C7H8O7	-1	-205.034279047151	1.9051446133343E-08
+H-C9H6N2O4	1	-205.025480228199	1.22424923602242E-08
+H-C13H19NO	1	-204.139387784049	4.23116695187634E-09
+H-C13H16FN	1	-204.119401230519	1.77536931330047E-08
+H-C11H11NO3	1	-204.066616765349	8.67233817954793E-09
+H-C8H3F4NO	1	-204.007799919289	7.00232442427826E-08
+H-C7H8ClNO2S	1	-203.989150905489	1.29463618061833E-06
+H-C6H5Cl2N3O	1	-203.973690705689	2.58771019222761E-06
+H-C15H24	1	-203.180524321199	2.0861978167161E-09
+H-C8H16N2O4	1	-203.103730550499	1.23095114236513E-08
+H-C11H9FN2O	1	-203.062614628909	1.85686041030743E-08
+H-C8H12O6	1	-203.056111651859	1.63452934814004E-08
+H-C8H6Cl2O2	1	-202.967208344199	2.58770085270844E-06
+H-C8H3Cl3	1	-202.922756690369	3.88154265194117E-06
+H-C13H17ON	1	-202.123737719589	4.16453118526442E-09
+H-C13H17NO	1	-202.123737719589	4.16453118526442E-09
+H-C9H17NO4	1	-202.108481578299	1.13246980889779E-08
+H-C11H13N3O	1	-202.098585599529	8.89771952857669E-09
+H-C12H13O2N	1	-202.087352210239	6.21312804216789E-09
+H-C12H13NO2	1	-202.087352210239	6.21312804216789E-09
+H-C10H12F3N	1	-202.084907427059	5.25198088987331E-08
+H-C7H13O4N3	1	-202.083329458239	1.37867646539235E-08
+H-C8H13O5N	1	-202.072096068949	1.39237428016757E-08
+H-C9H8F3NO	1	-202.048521917709	5.25845192211493E-08
+H-C8H4F3O2N	1	-202.012136408359	5.27918901406489E-08
-H-C12H24O2	-1	-201.184906464981	5.89209891160842E-09
+H-C9H18N2O3	1	-201.124465995389	1.00147257432087E-08
+H-C13H14O2	1	-201.092103238039	5.56463820412326E-09
-H-C13H9FO	-1	-201.071019524691	1.77120147554911E-08
+H-C5H8Cl2O4	1	-200.972687647799	2.58771803427957E-06
+H-C11H23NO2	1	-200.165602532539	6.43430097030177E-09
+H-C14H19N	1	-200.144473164479	3.24177050191505E-09
+H-C13H15NO	1	-200.108087655129	4.10483669631125E-09
+H-C9H9Cl2N	1	-200.003928206179	2.58769671573454E-06
+H-C10H24N4	1	-199.192820338919	1.13950565394621E-08
+H-C9H16N2O3	1	-199.108815930929	9.98840262384603E-09
+H-C7H12N4O3	1	-199.083663810869	1.38936629776294E-08
+H-C6H16O7	1	-199.082326400349	1.9082513603476E-08
-H-C6H14O7	-1	-199.081229240531	1.9082513603476E-08
+H-C9H12O5	1	-199.061197032289	1.36322391165174E-08
-H-C9H10O5	-1	-199.060099872471	1.36322391165174E-08
+H-C7H8N2O5	1	-199.036044912229	1.4717994209609E-08
+H-C7H6NO4S	1	-198.994477398169	4.61506925880412E-08
+H-C8H9BrO	1	-198.976401057319	0.000110485672675843
+H-C10H17NO3	1	-198.113566958729	8.7460220839849E-09
+H-C12H13N3	1	-198.103670979959	8.47205494680311E-09
+H-C9H13O4N	1	-198.077181449379	1.12839414000224E-08
+H-C12HH8NS	1	-198.038294016579	4.48542988458535E-08
+H-C8H10BrN	1	-197.992385474409	0.000110485672678511
+H-C8H22O5	1	-197.139447354589	1.37284619316249E-08
+H-C15H18	1	-197.133574127819	1.5419722993119E-09
+H-C13H14N2	1	-197.108422007759	5.7240003707459E-09
+H-C9H14N2O3	1	-197.093165866469	9.96531285672331E-09
+H-C10H14O4	1	-197.081932477179	1.09402729304874E-08
-H-C10H12O4	-1	-197.080835317361	1.09402729304874E-08
+H-C7H10N4O3	1	-197.068013746409	1.38818147400179E-08
+H-C6H14O7	1	-197.066676335889	1.90704378235836E-08
+H-C9H10O5	1	-197.045546967829	1.36201634670857E-08
+H-C7H9F3O3	1	-197.043102184649	5.30712842286618E-08
+H-C10H15NO3	1	-196.097916894269	8.71775582382846E-09
+H-C13H11NO	1	-196.076787526209	4.00747641289791E-09
+H-C9H11O4N	1	-196.061531384919	1.12678895101697E-08
+H-C10H13O2S	1	-196.056349380209	4.51031889533323E-08
+H-C10H12ClNO	1	-196.053465240439	1.29385382222974E-06
+H-C9H9O3S	1	-196.019963870859	4.55039334758905E-08
+H-C8H7SO3N	1	-196.007387810829	4.55875097117552E-08
+H-C9H8ClSN	1	-195.999321666349	1.29462475852073E-06
+H-C7H4BrNO	1	-195.940349900599	0.00011048567270929
+H-C13H24O	1	-195.175438940769	3.4272319906938E-09
-H-C11H14O3	-1	-195.101570762251	8.27009153058703E-09
+H-C7H16O6	1	-195.087411780779	1.63714463071689E-08
-H-C14H10O	-1	-195.080441394191	2.89641095640296E-09
+H-C10H13ClN2	1	-195.069449657529	1.2938601312188E-06
+H-C10H12O4	1	-195.066282412719	1.09222096318387E-08
-H-C10H10O4	-1	-195.065185252901	1.09222096318387E-08
-H-C6H10O7	-1	-195.049929111611	1.90600810657101E-08
+H-C5H9O6P	1	-195.006398553589	2.71439291911096E-08
-H-C5H7O6P	-1	-195.005301393771	2.71439291911096E-08
-H-C5H7PO6	-1	-195.005301393771	2.71439291911096E-08
+H-C11H17O2N	1	-194.118652339159	6.28684446727702E-09
+H-C14H13N	1	-194.097522971099	3.00469115186856E-09
-H-C9H7NO4	-1	-194.044784160641	1.12547391173496E-08
+H-C7H11Cl2NO	1	-194.014492890209	2.58769820158814E-06
+H-C7H5ClF3N	1	-193.998984883449	1.29491271795559E-06
+H-C12H18O2	1	-193.123403366959	5.65265156560185E-09
+H-C11H14O3	1	-193.087017857609	8.24218947128783E-09
+H-C7H14O6	1	-193.071761716319	1.63573692122185E-08
+H-C10H10O4	1	-193.050632348259	1.09071340315437E-08
+H-C6H10O7	1	-193.035376206969	1.9051446133343E-08
+H-C9H7ClON2	1	-193.017414083719	1.29386264507137E-06
+H-C8H6N2O2S	1	-193.007722163459	4.54388862395849E-08
+H-C5H7O6P	1	-192.990748489129	2.71396854921005E-08
+H-C5H7PO6	1	-192.990748489129	2.71396854921005E-08
+H-C5H7ClN2O2S	1	-192.984399877689	1.29464522690249E-06
-H-C6H2Cl2SO	-1	-192.927617674751	2.58808364016996E-06
+H-C12H19NO	1	-192.139387784049	4.23116695187634E-09
+H-C11H15NO2	1	-192.103002274699	6.2474616978478E-09
+H-C6H11O6N	1	-192.051360624059	1.65782776477133E-08
-H-C10H9NOS	-1	-192.047761540791	4.49399377408836E-08
-H-C13H18O	-1	-191.143041652031	3.21927618992172E-09
+H-C9H20O4	1	-191.128882670559	1.10122298377965E-08
+H-C11H16N2O	1	-191.118986691789	6.37327268171875E-09
+H-C10H12N2O2	1	-191.082601182439	7.8704550594505E-09
+H-C11H12O3	1	-191.071367793149	8.21819802200475E-09
+H-C7H12O6	1	-191.056111651859	1.63452934814004E-08
+H-C9H8SON2	1	-191.028457608349	4.51963355108256E-08
+H-C5H8N2O4S	1	-191.013201467059	4.64070491457987E-08
+H-C12H17NO	1	-190.123737719589	4.16453118526442E-09
+H-C6H13SO2N3	1	-190.065571393499	4.5879065412522E-08
+H-C9H9N3O2	1	-190.062200090179	1.00345565548441E-08
+H-C6H6ClSO2N	1	-189.973500841029	1.29463610435973E-06
+H-C10H22O3	1	-189.149618115449	8.37684322445219E-09
+H-C13H18O	1	-189.128488747389	3.12592008205731E-09
-H-C13H16O	-1	-189.127391587571	3.12592008205731E-09
+H-C9H18O4	1	-189.113232606099	1.09853012326867E-08
+H-C8H18N2OS	1	-189.106707930649	4.52181742927082E-08
+H-C11H14N2O	1	-189.103336627329	6.3370243830889E-09
-H-C12H12O2	-1	-189.091006078221	5.56463820412326E-09
+H-C10H10N2O2	1	-189.066951117979	7.84952051930938E-09
+H-C10H10O2N2	1	-189.066951117979	7.84952051930938E-09
+H-C7H7ClO2S	1	-188.978251868829	1.29463311010044E-06
+H-C7H4Cl2O2	1	-188.951558279739	2.58770082727347E-06
+H-C12H15NO	1	-188.108087655129	4.10483669631125E-09
+H-C12H15ON	1	-188.108087655129	4.10483669631125E-09
+H-C8H15O4N	1	-188.092831513839	1.13028824251535E-08
+H-C11H11O2N	1	-188.071702145779	6.18392760004716E-09
+H-C11H11NO2	1	-188.071702145779	6.18392760004716E-09
-H-C11H9NO2	-1	-188.070604985961	6.18392760004716E-09
+H-C10H8FN3	1	-188.062948981539	1.94034318598911E-08
+H-C8H6F3NO	1	-188.032871853249	5.2582641693277E-08
+H-C8H9ClFNO	1	-188.028393306479	1.29397169342586E-06
+H-C7H8FNO2S	1	-188.018701386219	4.84443861550822E-08
+H-C10H20O3	1	-187.133968050989	8.33746493171087E-09
+H-C9H16O4	1	-187.097582541639	1.09613091570868E-08
+H-C10H8N2O2	1	-187.051301053519	7.83273260205161E-09
+H-C8H12OS2	1	-187.025680902809	8.95686426393E-08
+H-C7H8O6	1	-187.024811522939	1.63271631389388E-08
+H-C8H9ClO3	1	-187.016745378459	1.29387346772536E-06
+H-C4H4N4O3S	1	-186.993134727429	4.68577694155746E-08
+H-C6H2Cl2N2O	1	-186.947141604569	2.58770259078075E-06
+H-C13H17N	1	-186.128823100019	3.15430217409111E-09
+H-C11H9NO2	1	-186.056052081319	6.15993337210973E-09
+H-C7H10ClN3O	1	-186.043963184839	1.29387794314385E-06
+H-C7H9NO3S	1	-186.023037875289	4.55900362474216E-08
+H-C6H5SO4N	1	-185.986652365939	4.61498903682602E-08
+H-C7H6ClNOS	1	-185.978586221459	1.29462753779547E-06
+H-C12H26O	1	-185.191089005229	3.5405841638754E-09
+H-C11H22O2	1	-185.154703495879	5.76220560803159E-09
+H-C10H18O3	1	-185.118317986529	8.30186477003335E-09
+H-C13H14O	1	-185.097188618469	2.96379907890132E-09
-H-C13H12O	-1	-185.096091458651	2.96379907890132E-09
+H-C11H10N2O	1	-185.072036498409	6.27964003907605E-09
+H-C8H11ClN2O	1	-185.048714212639	1.29386284854919E-06
+H-C8H10O5	1	-185.045546967829	1.36201634670857E-08
+H-C8H5F3N2	1	-185.033206205879	5.27351570974371E-08
+H-C9H8Cl2	1	-184.993029169519	2.58769517636277E-06
+H-C4H11O2PS2	1	-184.986532488569	9.22748248004946E-08
+H-C6H4SO4N	1	-184.978827333709	4.61492664099006E-08
+H-C13H15N	1	-184.113173035559	3.07505878249822E-09
+H-C9H15NO3	1	-184.097916894269	8.71775582382846E-09
+H-C5H15SO4N	1	-184.064902688239	4.61659321152666E-08
+H-C8H11NO4	1	-184.061531384919	1.12678895101697E-08
+H-C11H7NO2	1	-184.040402016859	6.14120638205487E-09
+H-C7H7NO3S	1	-184.007387810829	4.55875097117552E-08
+H-C3H8NO6P	1	-184.001647525789	2.72857641687474E-08
+H-C11H24N2	1	-183.186672330059	5.97712258383898E-09
-H-C12H22O	-1	-183.174341780951	3.4272319906938E-09
+H-C7H20O5	1	-183.123797290129	1.37044695661135E-08
+H-C6H16O6	1	-183.087411780779	1.63714463071689E-08
+H-C9H12O4	1	-183.066282412719	1.09222096318387E-08
-H-C9H10O4	-1	-183.065185252901	1.09222096318387E-08
+H-C8H6F2N2O	1	-183.037542694949	3.55101298705547E-08
+H-C8H8O5	1	-183.029896903369	1.36104952335438E-08
+H-C11H21ON	1	-182.155037848509	4.30442163922348E-09
-H-C10H15O2N	-1	-182.117555179341	6.28684446727702E-09
+H-C8H13N3O2	1	-182.093500219099	1.00672988518225E-08
+H-C9H13NO3	1	-182.082266829809	8.69318405454485E-09
+H-C12H9NO	1	-182.061137461749	3.9703508391752E-09
+H-C5H14NO4P	1	-182.058768480029	2.44463952741612E-08
-H-C7H7N3O3	-1	-182.056017549931	1.17328945358843E-08
+H-C6H2-3(CH3)-SO2	1	-182.040699315749	4.50991757602536E-08
+H-C9H10ClNO	1	-182.037815175979	1.29385369505523E-06
+H-C8H9NO2S	1	-182.028123255719	4.51827723375115E-08
+H-C6H5N3O4	1	-182.020729200399	1.37485195621713E-08
+H-C6H5O4N3	1	-182.020729200399	1.37485195621713E-08
+H-C12H22O	1	-181.159788876309	3.31992772610171E-09
-H-C9H16N4	-1	-181.144772985721	1.13080843107448E-08
+H-C9H14N2O2	1	-181.098251246899	7.8955032388414E-09
+H-C10H14O3	1	-181.087017857609	8.24218947128783E-09
-H-C10H12O3	-1	-181.085920697791	8.24218947128783E-09
+H-C6H14O6	1	-181.071761716319	1.63573692122185E-08
-H-C6H12O6	-1	-181.070664556501	1.63573692122185E-08
+H-C9H10O4	1	-181.050632348259	1.09071340315437E-08
-H-C10H9ClO	-1	-181.041469043961	1.29385072442023E-06
+H-C10H15NO2	1	-180.103002274699	6.2474616978478E-09
+H-C10H12FNO	1	-180.083015721169	1.79368805106422E-08
+H-NO2-C6H3-2(CH3)-OCH2	1	-180.066616765349	8.67233817954793E-09
+H-C7H7N3O3	1	-180.041464645289	1.17230734395185E-08
+H-C12H20O	1	-179.144138811849	3.21927618992172E-09
+H-C8H20O4	1	-179.128882670559	1.10122298377965E-08
+H-C11H16O2	1	-179.107753302499	5.60588306928244E-09
+H-C14H12	1	-179.086623934439	9.977467819077E-10
+H-C6H16N2O2S	1	-179.085972485759	4.54569888465217E-08
+H-C10H12O3	1	-179.071367793149	8.21819802200475E-09
-H-C10H10O3	-1	-179.070270633331	8.21819802200475E-09
+H-C7H8N4O2	1	-179.057449062379	1.24688820337087E-08
+H-C6H12O6	1	-179.056111651859	1.63452934814004E-08
-H-C6H10O6	-1	-179.055014492041	1.63452934814004E-08
+H-C9H8O4	1	-179.034982283799	1.08950585319328E-08
+H-C7H7F3O2	1	-179.032537500619	5.27196581686542E-08
+H-C10H9ClO	1	-179.026916139319	1.29385060996289E-06
+H-C11H17NO	1	-178.123737719589	4.16453118526442E-09
+H-C11H17ON	1	-178.123737719589	4.16453118526442E-09
-H-C11H15NO	-1	-178.122640559771	4.16453118526442E-09
+H-C7H17NO4	1	-178.108481578299	1.13246980889779E-08
-H-C7H15NO4	-1	-178.107384418481	1.13246980889779E-08
+H-C11H14FN	1	-178.103751166059	1.77407128722951E-08
+H-C10H13O2N	1	-178.087352210239	6.21312804216789E-09
+H-C10H13NO2	1	-178.087352210239	6.21312804216789E-09
-H-C7H7ON5	-1	-178.072336319651	1.42830782430378E-08
+H-C9H9O3N	1	-178.050966700889	8.65524511996344E-09
-H-C6H11NOS2	-1	-178.035482779651	8.96134722824862E-08
+H-C7H5F4N	1	-178.028535364179	6.99711352175649E-08
-H-C12H16O	-1	-177.127391587571	3.12592008205731E-09
+H-C11H14O2	1	-177.092103238039	5.56463820412326E-09
+H-C6H14N2O2S	1	-177.070322421299	4.54519208433386E-08
+H-C9H10N2O2	1	-177.066951117979	7.84952051930938E-09
+H-C4H12F2O5	1	-177.058003357749	3.75211155801221E-08
+H-C10H10O3	1	-177.055717728689	8.19815151537905E-09
+H-C9H10N2S	1	-177.049193053239	4.51173837693119E-08
+H-C6H10O6	1	-177.040461587399	1.63352235532098E-08
-H-C6H8O6	-1	-177.039364427581	1.63352235532098E-08
+H-C8H6N2OS	1	-177.012807543889	4.51941510522241E-08
+H-C10H7ClO	1	-177.011266074859	1.29385052094051E-06
+H-C10H15N3	1	-176.119321044419	8.49726618503583E-09
+H-C11H15NO	1	-176.108087655129	4.10483669631125E-09
+H-C6H13N2O2S	1	-176.062497389069	4.54496581594599E-08
+H-C6H13SO2N2	1	-176.062497389069	4.54496581594599E-08
+Li-C5H14NO4P	1	-176.050590075659	3.99329505354179E-08
+H-C5H11N3O2S	1	-176.049921329039	4.58751200938016E-08
+H-C9H7NO3	1	-176.035316636429	8.64192714415085E-09
+H-C7H6F3NO	1	-176.032871853249	5.2582641693277E-08
+H-C9H20O3	1	-175.133968050989	8.33746493171087E-09
-H-C9H18O3	-1	-175.132870891171	8.33746493171087E-09
+H-C12H16O	1	-175.112838682929	3.04053147061096E-09
+H-C7H16N2O3	1	-175.108815930929	9.98840262384603E-09
+H-C8H16O4	1	-175.097582541639	1.09613091570868E-08
+H-C7H12O5	1	-175.061197032289	1.36322391165174E-08
-H-C7H10O5	-1	-175.060099872471	1.36322391165174E-08
+H-C6H12SO2N2	1	-175.054672356839	4.54475763907977E-08
+H-C6H12N2O2S	1	-175.054672356839	4.54475763907977E-08
+H-C9H8N2O2	1	-175.051301053519	7.83273260205161E-09
+H-C6H8O6	1	-175.024811522939	1.63271631389388E-08
-H-C6H6O6	-1	-175.023714363121	1.63271631389388E-08
-H-C10H6OS	-1	-175.021212439671	4.48479093220113E-08
+H-C7H6Cl2O	1	-174.972293724629	2.58769656683596E-06
+H-C11H13NO	1	-174.092437590669	4.05239024597597E-09
+H-NH2OH-C6H10N2O2	1	-174.088414838669	1.17609096208468E-08
+H-C7H13O4N	1	-174.077181449379	1.12839414000224E-08
+H-C10H9O2N	1	-174.056052081319	6.15993337210973E-09
-H-C10H7O2N	-1	-174.054954921501	6.15993337210973E-09
+H-C6H9NO5	1	-174.040795940029	1.39000875064754E-08
-H-C7H5F2NO2	-1	-174.036111182501	3.54924018188959E-08
+H-C6H6FNO2S	1	-174.003051321759	4.84423481642546E-08
+H-C10H22O2	1	-173.154703495879	5.76220560803159E-09
+H-C9H18O3	1	-173.118317986529	8.30186477003335E-09
+H-C7H14N2O3	1	-173.093165866469	9.96531285672331E-09
+H-C8H14O4	1	-173.081932477179	1.09402729304874E-08
+H-C7H10O5	1	-173.045546967829	1.36201634670857E-08
-H-C9H19N2O	-1	-172.157014693121	6.48524289730466E-09
+H-C12H15N	1	-172.113173035559	3.07505878249822E-09
-H-C8H13NO3	-1	-172.096819734451	8.71775582382846E-09
+H-C8H15SON	1	-172.080158829529	4.49487243562923E-08
+H-C7H11NO4	1	-172.061531384919	1.12678895101697E-08
+H-C9H7N3O	1	-172.051635406149	8.84764762904996E-09
+H-C8H6F3N	1	-172.037957233679	5.25122891298408E-08
+H-C4H6F3O3N	1	-172.022701092389	5.31421093836523E-08
+H-C7H5F2NO2	1	-172.021558277859	3.54900837086091E-08
+H-C5H7SO2N3	1	-172.018621200119	4.58693808426175E-08
+H-C10H20O2	1	-171.139053431419	5.70480784511528E-09
+H-C8H16O2N2	1	-171.113901311359	7.92462605037199E-09
+H-C9H16O3	1	-171.102667922069	8.27009153058703E-09
+H-C9H16SO	1	-171.084909857329	4.48640498459328E-08
-H-C7H10O3N2	-1	-171.076418642191	9.94547896185245E-09
+H-C8H12O4	1	-171.066282412719	1.09222096318387E-08
+H-C9H7F3	1	-171.042708261479	5.24384168932424E-08
-H-H10O10	-1	-171.034672970321	2.72096541212343E-08
-H-C7H6O5	-1	-171.028799743551	1.36104952335438E-08
+H-C6H8N2O2S	1	-171.023372227919	4.54410589331917E-08
+H-C7H8O3S	1	-171.012138838629	4.55025774309089E-08
+H-C3H9O6P	1	-171.006398553589	2.71439291911096E-08
+H-C6H5ClO2N2	1	-170.996678638829	1.29387115311348E-06
+H-ClC6H4SH-CO	1	-170.967687184799	1.29462447996697E-06
-H-C7H3ClOS	-1	-170.966590024981	1.29462447996697E-06
+H-C11H25N	1	-170.191423357859	3.54716025626749E-09
+H-C9H21N3	1	-170.166271237799	8.59545775187018E-09
+H-C10H21NO	1	-170.155037848509	4.30442163922348E-09
+H-C9H17NO2	1	-170.118652339159	6.28684446727703E-09
+H-C8H13NO3	1	-170.082266829809	8.69318405454485E-09
-H-C8H11NO3	-1	-170.081169669991	8.69318405454485E-09
-H-C5H7N5O2	-1	-170.067250939221	1.50395284985744E-08
+H-C11H9NO	1	-170.061137461749	3.9703508391752E-09
+H-C7H6ClNO2	1	-170.001429666629	1.29386208869987E-06
+H-C10H18O2	1	-169.123403366959	5.65265156560185E-09
+H-C13H14	1	-169.102273998899	1.1791552877091E-09
+H-C11H10N2	1	-169.077121878839	5.66040468807691E-09
+H-C12H10O	1	-169.065888489549	2.83903257617805E-09
+H-C8H10O4	1	-169.050632348259	1.09071340315437E-08
-H-C8H8O4	-1	-169.049535188441	1.09071340315437E-08
+H-C7H6O5	1	-169.014246838909	1.36032395489624E-08
+H-C4H11SO3P	1	-169.009375933739	5.04083065579087E-08
+H-C6H6N2O2S	1	-169.007722163459	4.54388862395849E-08
+H-C8H7ClO2	1	-169.006180694429	1.29385909264935E-06
+H-C5H3ClN4O	1	-168.992261963659	1.29389891504625E-06
+H-C3HF3N2OS	1	-168.968891870929	6.92228068821944E-08
+H-C3H7O2PS2	1	-168.955232359649	9.22719716231659E-08
+H-C10H19NO	1	-168.139387784049	4.23116695187634E-09
-H-C9H13O2N	-1	-168.101905114881	6.2474616978478E-09
+H-C12H11N	1	-168.081872906639	2.94383583312133E-09
+H-C7H11O2N3	1	-168.077850154639	1.00493037901219E-08
+H-C8H11NO3	1	-168.066616765349	8.67233817954793E-09
+H-C9H12ClN	1	-168.058550620869	1.29385096498814E-06
+H-C7H7NO4	1	-168.030231255999	1.124450040143E-08
+H-C8H9O2S	1	-168.025049251289	4.50958919729996E-08
+H-C8H8ClNO	1	-168.022165111519	1.2938535933156E-06
+H-C7H7NO2S	1	-168.012473191259	4.51802230271338E-08
+H-C10H20N2	1	-167.155372201139	5.86035958377981E-09
+H-C9H16N2O	1	-167.118986691789	6.37327268171875E-09
+H-C10H16O2	1	-167.107753302499	5.60588306928244E-09
+H-C13H12	1	-167.086623934439	9.977467819077E-10
+H-C9H12O3	1	-167.071367793149	8.21819802200475E-09
-H-C9H10O3	-1	-167.070270633331	8.21819802200475E-09
-H-C6H6N4O2	-1	-167.056351902561	1.24688820337087E-08
+H-C5H12O6	1	-167.056111651859	1.63452934814004E-08
-H-C9H7FO2	-1	-167.050284079801	1.83193989706986E-08
+H-C8H8O4	1	-167.034982283799	1.08950585319328E-08
+H-C8H8O2S	1	-167.017224219059	4.50945236577352E-08
+H-C4H9O5P	1	-167.011483934019	2.56019963336605E-08
+H-C10H17NO	1	-166.123737719589	4.16453118526442E-09
-H-C6H15NO4	-1	-166.107384418481	1.13246980889779E-08
+H-C8H13N3O	1	-166.098585599529	8.89771952857669E-09
+H-H2O-NH3-C8H8-CO	1	-166.087352210239	6.21312804216789E-09
+H-C9H13O2N	1	-166.087352210239	6.21312804216789E-09
+H-C9H13NO2	1	-166.087352210239	6.21312804216789E-09
-H-C9H11O2N	-1	-166.086255050421	6.21312804216789E-09
+H-C9H10FNO	1	-166.067365656709	1.79277045935414E-08
+H-C5H13SO3N	1	-166.054338004209	4.55972541493537E-08
+H-NO2-C6H4(CH3)OCH2	1	-166.050966700889	8.65524511996344E-09
+H-C9H10ClN	1	-166.042900556409	1.29385083781334E-06
+H-C8H9NOS	1	-166.033208636149	4.49366423171636E-08
+H-C7H5NS2	1	-165.979065062059	8.95663308797737E-08
+H-C12H22	1	-165.164874256739	1.9047893109147E-09
+H-C11H18O	1	-165.128488747389	3.12592008205731E-09
-H-C11H16O	-1	-165.127391587571	3.12592008205731E-09
+H-C7H18O4	1	-165.113232606099	1.09853012326867E-08
+H-C6H14O5	1	-165.076847096749	1.36467157910477E-08
-H-C6H12O5	-1	-165.075749936931	1.36467157910477E-08
+H-C10H14S	1	-165.074345173299	4.47764284434019E-08
+H-C8H10N2O2	1	-165.066951117979	7.84952051930938E-09
+H-C9H10O3	1	-165.055717728689	8.19815151537905E-09
-H-C9H8O3	-1	-165.054620568871	8.19815151537905E-09
+H-C7H6N2OS	1	-165.012807543889	4.51941510522241E-08
+H-C11H19N	1	-164.144473164479	3.24177050191505E-09
+H-C10H15NO	1	-164.108087655129	4.10483669631125E-09
+H-C10H15ON	1	-164.108087655129	4.10483669631125E-09
+H-C6H15NO4	1	-164.092831513839	1.13028824251535E-08
+H-C6H15O4N	1	-164.092831513839	1.13028824251535E-08
-H-C7H11F2NO	-1	-164.088146756311	3.51911642000184E-08
-H-C6H14O2NP	-1	-164.083492145531	2.25690627872193E-08
+H-C8H11N3O	1	-164.082935535069	8.87735395844206E-09
-H-C6H10FNO3	-1	-164.071747800491	1.95161795634691E-08
+H-C9H11NO2	1	-164.071702145779	6.18392760004716E-09
-H-C6H11O5	-1	-164.067924904701	1.36391777737617E-08
+H-C9H8FON	1	-164.051715592249	1.79203604769957E-08
-H-C8H5NOS	-1	-164.016461411871	4.49340790427362E-08
+H-C4H8NO4P	1	-164.011818286649	2.44261943519907E-08
+H-C7H4ClN3	1	-164.002098371889	1.29387485704513E-06
+H-C8H12N4	1	-163.098919952159	1.1246803583591E-08
+H-C9H12N2O	1	-163.087686562869	6.30578856925429E-09
+H-C9H12ON2	1	-163.087686562869	6.30578856925429E-09
+H-C10H12O2	1	-163.076453173579	5.52904058504394E-09
-H-C10H10O2	-1	-163.075356013761	5.52904058504394E-09
+H-C6H12O5	1	-163.061197032289	1.36322391165174E-08
-H-C6H10O5	-1	-163.060099872471	1.36322391165174E-08
-C6H11O5	-1	-163.060099872471	1.36322391165174E-08
+H-C6H12O3S	1	-163.043438967549	4.55090860783146E-08
-H-C6H10O3S	-1	-163.042341807731	4.55090860783146E-08
+H-C9H8O3	1	-163.040067664229	8.18207894738831E-09
-H-C9H6O3	-1	-163.038970504411	8.18207894738831E-09
+H-C9H5ClO	1	-162.995616010399	1.29385045735309E-06
+H-C4H4O3S2	1	-162.952909884109	8.98931024787763E-08
+H-C2Cl4	1	-162.868134275679	5.17539019773084E-06
+H-C10H13NO	1	-162.092437590669	4.05239024597597E-09
+H-C7H9N5	1	-162.078518859899	1.40218624408164E-08
+H-C10H11O2	1	-162.068628141349	5.51339435372469E-09
+H-C9H9O2N	1	-162.056052081319	6.15993337210973E-09
+H-C9H9NO2	1	-162.056052081319	6.15993337210973E-09
-C6H10-O5	1	-162.053372000059	1.36259007349432E-08
-H-C7H6F3N	-1	-162.052510138321	5.25141691730133E-08
-C6H10O5	-1	-162.052274840241	1.36259007349432E-08
+H-C5H9SO3N	1	-162.023037875289	4.55900362474216E-08
+H-C6H4F3NO	1	-162.017221788789	5.25813899707839E-08
-H-C5HCl2NO	-1	-161.950795472551	2.58769804897817E-06
+H-C9H22O2	1	-161.154703495879	5.76220560803159E-09
+H-C8H18O3	1	-161.118317986529	8.30186477003335E-09
+H-C8H18OS	1	-161.100559921789	4.48699176878449E-08
+H-C7H14O4	1	-161.081932477179	1.09402729304874E-08
-H-C7H12O4	-1	-161.080835317361	1.09402729304874E-08
+H-C6H14N2OS	1	-161.075407801729	4.52072562205054E-08
+H-C10H10O2	1	-161.060803109119	5.49919988100924E-09
+H-C6H10O5	1	-161.045546967829	1.36201634670857E-08
-C6H9O5	-1	-161.044449808011	1.36201634670857E-08
+H-C5H10N2O2S	1	-161.039022292379	4.54439556964138E-08
+H-C6H10SO3	1	-161.027788903089	4.5505470278019E-08
+H-C9H6O3	1	-161.024417599769	8.17000377144542E-09
+H-C7H5F3O	1	-161.021972816589	5.25073015763252E-08
+H-C5H4Cl2N2	1	-160.967877049459	2.58770117487582E-06
+H-C6H4Cl2O	1	-160.956643660169	2.58769654140095E-06
+H-C8H19NO2	1	-160.134302403619	6.33118212795544E-09
+H-C11H15N	1	-160.113173035559	3.07505878249822E-09
+H-C10H11NO	1	-160.076787526209	4.00747641289791E-09
+H-C10H11ON	1	-160.076787526209	4.00747641289791E-09
-H-C10H9NO	-1	-160.075690366391	4.00747641289791E-09
+H-C6H11NO4	1	-160.061531384919	1.12678895101697E-08
+H-C8H7N3O	1	-160.051635406149	8.84764762904996E-09
+H-C9H7O2N	1	-160.040402016859	6.14120638205487E-09
+H-C9H7NO2	1	-160.040402016859	6.14120638205487E-09
+H-C7H6F3N	1	-160.037957233679	5.25122891298408E-08
+H-C9H20O2	1	-159.139053431419	5.70480784511528E-09
+H-C7H16N2O2	1	-159.113901311359	7.92462605037199E-09
+H-C8H16O3	1	-159.102667922069	8.27009153058703E-09
-H-C8H14O3	-1	-159.101570762251	8.27009153058703E-09
-H-C8H14OS	-1	-159.083812697511	4.48640498459328E-08
+H-C6H12N2O3	1	-159.077515802009	9.94547896185245E-09
-H-C6H10O3N2	-1	-159.076418642191	9.94547896185245E-09
+H-C8H8N4	1	-159.067619823239	1.12204379602709E-08
+H-C9H8N2O	1	-159.056386433949	6.25864255670112E-09
-H-C6H6O5	-1	-159.028799743551	1.36104952335438E-08
+H-C9H21NO	1	-158.155037848509	4.30442163922348E-09
+H-C11H13N	1	-158.097522971099	3.00469115186856E-09
+H-C7H13O3N	1	-158.082266829809	8.69318405454485E-09
+H-C7H13NO3	1	-158.082266829809	8.69318405454485E-09
+H-C10H9NO	1	-158.061137461749	3.9703508391752E-09
+H-C6H9SO2N	1	-158.028123255719	4.51827723375115E-08
-H-C10H20O	-1	-157.158691716491	3.31992772610171E-09
+H-C9H18O2	1	-157.123403366959	5.65265156560185E-09
-H-C9H16O2	-1	-157.122306207141	5.65265156560185E-09
+H-C8H16NO2	1	-157.110827306929	6.26652760700926E-09
+H-C8H14O3	1	-157.087017857609	8.24218947128783E-09
+H-C11H10O	1	-157.065888489549	2.83903257617805E-09
-H-C11H8O	-1	-157.064791329731	2.83903257617805E-09
-H-C7H8O4	-1	-157.049535188441	1.09071340315437E-08
-H-C8H9ClO	-1	-157.041469043961	1.29385072442023E-06
+H-C7H7ClS	1	-156.988422629689	1.29462168797576E-06
+H-C2H7S2O2P	1	-156.955232359649	9.22719716231659E-08
+H-2(CH3)-O2PS2H	1	-156.955232359649	9.22719716231659E-08
+H-C2H7O2PS2	1	-156.955232359649	9.22719716231659E-08
+H-C9H19ON	1	-156.139387784049	4.23116695187634E-09
-H-C6H9N3O2	-1	-156.076752994821	1.00493037901219E-08
+H-C7H11NO3	1	-156.066616765349	8.67233817954793E-09
+H-C10H6(OH)N	1	-156.045487397289	3.94123362214162E-09
+H-C10H7ON	1	-156.045487397289	3.94123362214162E-09
+H-C7H5F2ON	1	-156.026643658289	3.51761986047582E-08
+H-C7H5F2NO	1	-156.026643658289	3.51761986047582E-08
-H-C7H3F2NO	-1	-156.025546498471	3.51761986047582E-08
+H-C6H7NO2S	1	-156.012473191259	4.51802230271338E-08
+H-C6H7SO2N	1	-156.012473191259	4.51802230271338E-08
+H-C12H12	1	-155.086623934439	9.977467819077E-10
+H-C8H12O3	1	-155.071367793149	8.21819802200475E-09
-H-C8H10O3	-1	-155.070270633331	8.21819802200475E-09
+H-C7H12N2S	1	-155.064843117699	4.51210306691584E-08
+H-C4H12O6	1	-155.056111651859	1.63452934814004E-08
+H-C6H8O3N2	1	-155.046215673089	9.91565373301538E-09
+H-C6H8N2O3	1	-155.046215673089	9.91565373301538E-09
+H-C7H8O4	1	-155.034982283799	1.08950585319328E-08
+H-C6H5Br	1	-154.950186308829	0.000110485672640596
+H-C10H21N	1	-154.160123228939	3.33681702534787E-09
+H-C9H17NO	1	-154.123737719589	4.16453118526442E-09
-H-C9H12FN	-1	-154.102654006241	1.77407128722951E-08
+H-C8H13NO2	1	-154.087352210239	6.21312804216789E-09
+H-C8H13O2N	1	-154.087352210239	6.21312804216789E-09
-H-C8H11O2N	-1	-154.086255050421	6.21312804216789E-09
+H-C6H9N3O2	1	-154.062200090179	1.00345565548441E-08
+H-C7H9NOS	1	-154.033208636149	4.49366423171636E-08
+H-C5H5N3O3	1	-154.025814580829	1.17160533303011E-08
+H-C7H7O2S	1	-154.009399186829	4.50933377509207E-08
+H-C7H6ClNO	1	-154.006515047059	1.29385351701088E-06
-H-C3H7S2O2N	-1	-153.999097270301	8.97334794096779E-08
+H-C6H5NO2S	1	-153.996823126799	4.51784020030774E-08
+H-C9H18N2	1	-153.139722136679	5.80959995383608E-09
+H-C10H18O	1	-153.128488747389	3.12592008205731E-09
+H-C9H14O2	1	-153.092103238039	5.56463820412326E-09
-H-C9H12O2	-1	-153.091006078221	5.56463820412326E-09
+H-C5H14O5	1	-153.076847096749	1.36467157910477E-08
+H-C7H10N2O2	1	-153.066951117979	7.84952051930938E-09
+H-C6H5CO2H-CH3OH	1	-153.055717728689	8.19815151537905E-09
+H-C8H10O3	1	-153.055717728689	8.19815151537905E-09
-H-C8H8O3	-1	-153.054620568871	8.19815151537905E-09
+H-C5H6N4O2	1	-153.041798997919	1.24609616360328E-08
-H-C5H4O2N4	-1	-153.040701838101	1.24609616360328E-08
+H-C4H10O6	1	-153.040461587399	1.63352235532098E-08
+H-C4H10O4S	1	-153.022703522659	4.60706382605735E-08
-H-C4H8SO4	-1	-153.021606362841	4.60706382605735E-08
-H-C7H4O4	-1	-153.018235059521	1.08859931167708E-08
+H-C5H11ClOS	1	-153.014637378179	1.29462474687444E-06
+H-C3H7O5P	1	-152.995833869559	2.55974970055068E-08
+H-C8H11O2N	1	-152.071702145779	6.18392760004716E-09
+H-C8H8FNO	1	-152.051715592249	1.79203604769957E-08
+H-C7H7NO3	1	-152.035316636429	8.64192714415085E-09
+H-C7H7O3N	1	-152.035316636429	8.64192714415085E-09
+H-NO2-C6H5OCH2	1	-152.035316636429	8.64192714415085E-09
+H-C7H7SON	1	-152.017558571689	4.49340790427362E-08
+H-C7H4ClNO	1	-151.990864982599	1.29385346614106E-06
+H-C7H4ClON	1	-151.990864982599	1.29385346614106E-06
+H-C10H16O	1	-151.112838682929	3.04053147061096E-09
+H-C8H12N2O	1	-151.087686562869	6.30578856925429E-09
+H-C6H16N2O2S+N2	1	-151.079824476899	4.51105759433531E-08
+H-C9H12O2	1	-151.076453173579	5.52904058504394E-09
-H-C9H10O2	-1	-151.075356013761	5.52904058504394E-09
+H-C7H8N2O2	1	-151.051301053519	7.83273260205161E-09
+H-C8H8O3	1	-151.040067664229	8.18207894738831E-09
-H-C8H6O3	-1	-151.038970504411	8.18207894738831E-09
+H-C4H8O6	1	-151.024811522939	1.63271631389388E-08
+H-C5H6F2O3	1	-151.021223925229	3.58990965439579E-08
+H-C5H9ClOS	1	-150.998987313719	1.29462463248553E-06
+H-C4H9O2PS	1	-150.998811249709	5.00373130741898E-08
+H-C8H5ClO	1	-150.995616010399	1.29385045735309E-06
+H-C10H17N	1	-150.128823100019	3.15430217409111E-09
-H-C10H13O	-1	-150.103916490881	3.00103999314266E-09
+H-C8H13N3	1	-150.103670979959	8.47205494680311E-09
+H-C9H13ON	1	-150.092437590669	4.05239024597597E-09
-H-C9H11NO	-1	-150.091340430851	4.05239024597597E-09
+H-C5H13NO2S	1	-150.059423384639	4.51900552890007E-08
+H-C5H5N5O	1	-150.042133350549	1.42692471961563E-08
+H-C4H9NO3S	1	-150.023037875289	4.55900362474216E-08
+H-C3H6NO4P	1	-149.996168222189	2.44221521624397E-08
+H-C3H5NO2S2	1	-149.968894301199	8.97312789300106E-08
+H-C10H14O	1	-149.097188618469	2.96379907890132E-09
+H-C9H12NO	1	-149.084612558439	4.02897501745951E-09
+H-C6H14O4	1	-149.081932477179	1.09402729304874E-08
+H-C9H10O2	1	-149.060803109119	5.49919988100924E-09
-H-C9H8O2	-1	-149.059705949301	5.49919988100924E-09
+H-C5H10O5	1	-149.045546967829	1.36201634670857E-08
+H-C8H6O3	1	-149.024417599769	8.17000377144542E-09
+H-C5H10OS2	1	-149.010030838349	8.95668055352364E-08
+H-C6H3-2(C2H5)-NH2	1	-148.113173035559	3.07505878249822E-09
+H-C10H15N	1	-148.113173035559	3.07505878249822E-09
+H-C6H15O3N	1	-148.097916894269	8.71775582382846E-09
-H-C6H13NO3	-1	-148.096819734451	8.71775582382846E-09
-H-C6H13O3N	-1	-148.096819734451	8.71775582382846E-09
-H-C3H15O6	-1	-148.094139653191	1.63792337822878E-08
+H-C9H11NO	1	-148.076787526209	4.00747641289791E-09
+H-C9H11ON	1	-148.076787526209	4.00747641289791E-09
+H-C6H12ClNO	1	-148.053465240439	1.29385382222974E-06
-H-C8H5NO2	-1	-148.039304857041	6.14120638205487E-09
+H-C4H9N2O2S	1	-148.031197260149	4.5442416813944E-08
+H-C8H4FON	1	-148.020415463329	1.79111760966637E-08
-C4H4O4S	1	-147.983578361509	4.60648340682944E-08
-H-C8H18O2	-1	-147.137956271601	5.70480784511528E-09
+H-C7H16O3	1	-147.102667922069	8.27009153058703E-09
-H-C10H10O	-1	-147.080441394191	2.89641095640296E-09
+H-C6H12O4	1	-147.066282412719	1.09222096318387E-08
-H-C6H10O4	-1	-147.065185252901	1.09222096318387E-08
+H-C8H8N2O	1	-147.056386433949	6.25864255670112E-09
+H-C9H8O2	1	-147.045153044659	5.47521022093903E-09
-H-C9H6O2	-1	-147.044055884841	5.47521022093903E-09
+H-C5H8O5	1	-147.029896903369	1.36104952335438E-08
+H-C8H4O3	1	-147.008767535309	8.16194372937746E-09
+H-C5H5ClO3	1	-146.985445249539	1.29387331511825E-06
+H-C6H13NO3	1	-146.082266829809	8.69318405454485E-09
+H-C9H9ON	1	-146.061137461749	3.9703508391752E-09
+H-C9H9NO	1	-146.061137461749	3.9703508391752E-09
-C6H10O4	1	-146.058457380489	1.09142975381126E-08
+H-C6H5N5	1	-146.047218730979	1.400777347609E-08
+H-C5H9NO4	1	-146.045881320459	1.12547391173496E-08
+H-C5H9O4N	1	-146.045881320459	1.12547391173496E-08
+H-C4H3O2S2	1	-145.950170232309	8.96870127053771E-08
+H-C8H18O2	1	-145.123403366959	5.65265156560185E-09
-H-C8H16O2	-1	-145.122306207141	5.65265156560185E-09
+H-C6H14N2O2	1	-145.098251246899	7.8955032388414E-09
+H-C9H10N2	1	-145.077121878839	5.66040468807691E-09
+H-C3H14O6	1	-145.071761716319	1.63573692122185E-08
+H-C10H10O	1	-145.065888489549	2.83903257617805E-09
-H-C10H8O	-1	-145.064791329731	2.83903257617805E-09
+H-C5H10N2O3	1	-145.061865737549	9.92892045092913E-09
+H-C6H10O4	1	-145.050632348259	1.09071340315437E-08
-H-C6H8O4	-1	-145.049535188441	1.09071340315437E-08
+H-C6H10O2S	1	-145.032874283519	4.50974426801105E-08
+H-C9H6O2	1	-145.029502980199	5.4571487690563E-09
+H-C6H4ClFO	1	-144.986194140899	1.29396848780978E-06
+H-C5H7Br	1	-144.965836373289	0.00011048567264134
-H-C8H17NO	-1	-144.138290624231	4.23116695187634E-09
-H-C7H13O2N	-1	-144.101905114881	6.2474616978478E-09
-H-C7H13NO2	-1	-144.101905114881	6.2474616978478E-09
+H-C10H11N	1	-144.081872906639	2.94383583312133E-09
+H-C8H7N3	1	-144.056720786579	8.4194519287344E-09
+H-C9H7NO	1	-144.045487397289	3.94123362214162E-09
+H-C9H7ON	1	-144.045487397289	3.94123362214162E-09
+H-C3H3N3O2S	1	-143.987321071199	4.58665109477195E-08
+H-C9H20O	1	-143.144138811849	3.21927618992172E-09
-H-C8H16NO	-1	-143.130465592001	4.1970012654693E-09
+H-C8H16O2	1	-143.107753302499	5.60588306928244E-09
+H-C11H12	1	-143.086623934439	9.977467819077E-10
+H-C6H12N2O2	1	-143.082601182439	7.8704550594505E-09
+H-C7H12O3	1	-143.071367793149	8.21819802200475E-09
+H-C9H8N2	1	-143.061471814379	5.63710110473339E-09
+H-C10H8O	1	-143.050238425089	2.7922810748174E-09
+H-C6H8O4	1	-143.034982283799	1.08950585319328E-08
-H-C6H6O4	-1	-143.033885123981	1.08950585319328E-08
+H-ClC6H4SH	1	-142.972772565229	1.29462162442621E-06
-H-C8H17N2	-1	-142.146450009091	5.83432993375518E-09
+H-C7H13NO2	1	-142.087352210239	6.21312804216789E-09
+H-C10H9N	1	-142.066222842179	2.89309315414752E-09
+H-C7H11O3	1	-142.063542760919	8.20767971094773E-09
+H-C6H9NO3	1	-142.050966700889	8.65524511996344E-09
+H-C6H9O3N	1	-142.050966700889	8.65524511996344E-09
-H-C6H7O3N	-1	-142.049869541071	8.65524511996344E-09
-H-C6H7NO3	-1	-142.049869541071	8.65524511996344E-09
+H-C8H5N3	1	-142.041070722119	8.40967452107297E-09
-H-C10H20	-1	-141.163777096921	1.9047893109147E-09
+H-C9H18O	1	-141.128488747389	3.12592008205731E-09
+H-C7H14N2O	1	-141.103336627329	6.3370243830889E-09
+H-C8H14O2	1	-141.092103238039	5.56463820412326E-09
+H-C11H10	1	-141.070973869979	8.163382761063E-10
+H-C6H10N2O2	1	-141.066951117979	7.84952051930938E-09
+H-C6H7FN2O	1	-141.046964564449	1.85624000338014E-08
+H-C7H7ClO	1	-141.011266074859	1.29385052094051E-06
+H-C2H7O3PS	1	-140.978075804819	5.04030834900055E-08
+H-C2H7PO3S	1	-140.978075804819	5.04030834900055E-08
+H-C9H19N	1	-140.144473164479	3.24177050191505E-09
+H-C8H15NO	1	-140.108087655129	4.10483669631125E-09
+H-C8H15ON	1	-140.108087655129	4.10483669631125E-09
+H-C7H11NO2	1	-140.071702145779	6.18392760004716E-09
+H-C6H7NO3	1	-140.035316636429	8.64192714415085E-09
+H-C7H8ClN	1	-140.027250491949	1.29385073607349E-06
+H-C6H7NOS	1	-140.017558571689	4.49340790427362E-08
+H-C2H8NO4P	1	-140.011818286649	2.44261943519907E-08
+H-C2H8O4NP	1	-140.011818286649	2.44261943519907E-08
+H-C3H2F3NO2	1	-139.996486343899	5.2791266763835E-08
+H-C6H5O2S	1	-139.993749122369	4.50915132179962E-08
-H-C10H18	-1	-139.148127032461	1.7233808051133E-09
+H-C9H16O	1	-139.112838682929	3.04053147061096E-09
+H-C5H13FO3	1	-139.077595988109	1.93190850845736E-08
+H-C8H12O2	1	-139.076453173579	5.52904058504394E-09
-H-C4H10O5	-1	-139.060099872471	1.36322391165174E-08
-H-C4H10O3S	-1	-139.042341807731	4.55090860783146E-08
+H-C7H8O3	1	-139.040067664229	8.18207894738831E-09
+H-C7H5FO2	1	-139.020081110699	1.83086173725901E-08
-H-C7H3FO2	-1	-139.018983950881	1.83086173725901E-08
+H-C8H13NO	1	-138.092437590669	4.05239024597597E-09
+H-H2O-NH3-C8H8	1	-138.092437590669	4.05239024597597E-09
+H-C8H13ON	1	-138.092437590669	4.05239024597597E-09
+H-C4H13NO2S	1	-138.059423384639	4.51900552890007E-08
+H-C10H18	1	-137.133574127819	1.5419722993119E-09
+H-C9H14O	1	-137.097188618469	2.96379907890132E-09
+H-C5H14O4	1	-137.081932477179	1.09402729304874E-08
+H-C7H10N2O	1	-137.072036498409	6.27964003907605E-09
+H-C8H10O2	1	-137.060803109119	5.49919988100924E-09
-H-C8H8O2	-1	-137.059705949301	5.49919988100924E-09
+H-C4H10O5	1	-137.045546967829	1.36201634670857E-08
+H-C8H10S	1	-137.043045044379	4.47683431135842E-08
+H-C6H6O2N2	1	-137.035650989059	7.82011801313635E-09
+H-C7H6O3	1	-137.024417599769	8.17000377144542E-09
+H-C8H7Cl	1	-137.016351455289	1.29384766369161E-06
+H-C9H15N	1	-136.113173035559	3.07505878249822E-09
-H-C9H13N	-1	-136.112075875741	3.07505878249822E-09
+H-C8H11NO	1	-136.076787526209	4.00747641289791E-09
+H-C6H4(OC2H5)NH2	1	-136.076787526209	4.00747641289791E-09
-H-C8H9NO	-1	-136.075690366391	4.00747641289791E-09
-H-C5H5N5	-1	-136.061771635621	1.40136455994626E-08
-H-C4H9SO2N	-1	-136.042676160361	4.51860498109448E-08
+H-C7H7O2N	1	-136.040402016859	6.14120638205487E-09
+H-C7H7NO2	1	-136.040402016859	6.14120638205487E-09
+H-C7H7NS	1	-136.022643952119	4.48517308655006E-08
+H-C6H4(Cl)CN	1	-135.995950363029	1.29385060889866E-06
-H-C4H3Cl2N	-1	-135.971530917441	2.58769663942951E-06
+H-C10H16	1	-135.117924063359	1.3605637935105E-09
-H-C10H14	-1	-135.116826903541	1.3605637935105E-09
+H-C9H12O	1	-135.081538554009	2.89641095640296E-09
-H-C9H10O	-1	-135.080441394191	2.89641095640296E-09
+H-C5H12O4	1	-135.066282412719	1.09222096318387E-08
-H-C5H10O4	-1	-135.065185252901	1.09222096318387E-08
+H-C7H8N2O	1	-135.056386433949	6.25864255670112E-09
+H-C8H8O2	1	-135.045153044659	5.47521022093903E-09
+H-C4H8O5	1	-135.029896903369	1.36104952335438E-08
+H-C4H9O3P	1	-135.021654694879	2.31767782849072E-08
+H-C4H8OS2	1	-134.994380773889	8.95653358248549E-08
+H-C6H17NO2	1	-134.118652339159	6.28684446727703E-09
-H-C6H15O2N	-1	-134.117555179341	6.28684446727702E-09
+H-C9H13N	1	-134.097522971099	3.00469115186856E-09
+H-C7H9N3	1	-134.072370851039	8.43312125503417E-09
+H-C8H9NO	1	-134.061137461749	3.9703508391752E-09
+H-C6H5CH2NH2-CO	1	-134.061137461749	3.9703508391752E-09
+H-C8H9ON	1	-134.061137461749	3.9703508391752E-09
-H-C8H7NO	-1	-134.060040301931	3.9703508391752E-09
-H-C5H9O4	-1	-134.057360220671	1.09142975381126E-08
+H-C5H5N5	1	-134.047218730979	1.400777347609E-08
-H-C4H7O4N	-1	-134.044784160641	1.12547391173496E-08
+H-C8H7O2	1	-134.037328012429	5.46543434358603E-09
+H-C7H5NO2	1	-134.024751952399	6.12779492126703E-09
+H-C7H5NS	1	-134.006993887659	4.48498965037982E-08
+H-C4H3Cl2N	1	-133.956978012799	2.58769662035325E-06
+H-C10H14	1	-133.102273998899	1.1791552877091E-09
+H-C6H14O3	1	-133.087017857609	8.24218947128783E-09
+H-C7H7N-CH3N	1	-133.077121878839	5.66040468807691E-09
+H-C8H10N2	1	-133.077121878839	5.66040468807691E-09
+H-C9H10O	1	-133.065888489549	2.83903257617805E-09
+H-C5H10O4	1	-133.050632348259	1.09071340315437E-08
-H-C5H8O4	-1	-133.049535188441	1.09071340315437E-08
+H-C7H6N2O	1	-133.040736369489	6.24284809815902E-09
+H-C5H7FO3	1	-133.030645794729	1.92960748408482E-08
+H-C8H6O2	1	-133.029502980199	5.4571487690563E-09
-H-C4H4O5	-1	-133.013149679091	1.36032395489624E-08
+H-H7O6P	1	-132.990748489129	2.71396854921005E-08
+H-H6SO6	1	-132.981232632879	4.76436453143987E-08
-SCCl2F	-1	-132.907631121221	2.58814121713152E-06
+H-C5H11NOS	1	-132.048858700609	4.49399377408836E-08
+H-C5H11SON	1	-132.048858700609	4.49399377408836E-08
+H-C8H7NO	1	-132.045487397289	3.94123362214162E-09
+H-C8H7ON	1	-132.045487397289	3.94123362214162E-09
+H-C4H7SO2N	1	-132.012473191259	4.51802230271338E-08
-H-C8H18O	-1	-131.143041652031	3.21927618992172E-09
+H-C7H16O2	1	-131.107753302499	5.60588306928244E-09
+H-C10H12	1	-131.086623934439	9.977467819077E-10
+H-C5H12N2O2	1	-131.082601182439	7.8704550594505E-09
+H-C6H12O3	1	-131.071367793149	8.21819802200475E-09
-H-C6H10O3	-1	-131.070270633331	8.21819802200475E-09
+H-C8H8N2	1	-131.061471814379	5.63710110473339E-09
+H-C6H9FO2	1	-131.051381239619	1.83193989706986E-08
+H-C9H8O	1	-131.050238425089	2.7922810748174E-09
+H-C4H8O3N2	1	-131.046215673089	9.91565373301538E-09
-H-C2H7FO5	-1	-131.035027938511	2.2155541794018E-08
+H-C5H8O4	1	-131.034982283799	1.08950585319328E-08
-H-C5H6O4	-1	-131.033885123981	1.08950585319328E-08
+H-C5H13ON3	1	-130.098585599529	8.89771952857669E-09
+H-C6H13NO2	1	-130.087352210239	6.21312804216789E-09
+H-C6H13O2N	1	-130.087352210239	6.21312804216789E-09
+H-C9H9N	1	-130.066222842179	2.89309315414752E-09
+H-C5H9NO3	1	-130.050966700889	8.65524511996344E-09
-H-C5H7NO3	-1	-130.049869541071	8.65524511996344E-09
-H-C5H7O3N	-1	-130.049869541071	8.65524511996344E-09
-H-C3H5O2N4	-1	-130.048526870331	1.24645924430411E-08
-H-C6H5F2N	-1	-130.046281943361	3.50732917719981E-08
+H-C8H5ON	1	-130.029837332829	3.92030320694893E-09
+H-C8H5NO	1	-130.029837332829	3.92030320694893E-09
+H-C3H5O3N3	1	-130.025814580829	1.17160533303011E-08
+H-C4H5O4N	1	-130.014581191539	1.12371813213044E-08
+H-C4H5NO4	1	-130.014581191539	1.12371813213044E-08
-H-C9H20	-1	-129.163777096921	1.9047893109147E-09
+H-C8H18O	1	-129.128488747389	3.12592008205731E-09
-H-C8H16O	-1	-129.127391587571	3.12592008205731E-09
+H-C6H14N2O	1	-129.103336627329	6.3370243830889E-09
+H-C7H14O2	1	-129.092103238039	5.56463820412326E-09
-H-C7H12O2	-1	-129.091006078221	5.56463820412326E-09
+H-C6H10O3	1	-129.055717728689	8.19815151537905E-09
-H-C6H8O3	-1	-129.054620568871	8.19815151537905E-09
+H-C5H10N2S	1	-129.049193053239	4.51173837693119E-08
+H-C5H6O4	1	-129.019332219339	1.08859931167708E-08
+H-C6H15N3	1	-128.119321044419	8.49726618503583E-09
+H-C6H11O2N	1	-128.071702145779	6.18392760004716E-09
+H-C6H11NO2	1	-128.071702145779	6.18392760004716E-09
-H-C4H5N3O2	-1	-128.045452865901	1.00230714818625E-08
-H-C2H9NO3S	-1	-128.037590779931	4.55932844446965E-08
+H-C5H7NO3	1	-128.035316636429	8.64192714415085E-09
+H-C5H9NO4+H2O	1	-128.035316636429	8.64192714415085E-09
+H-C5H7O3N	1	-128.035316636429	8.64192714415085E-09
+H-C6H5F2N	1	-128.031729038719	3.50709459594951E-08
+H-C4H4ClN3	1	-128.002098371889	1.29387485704513E-06
+H-C7H16N2	1	-127.124072072219	5.76410503790299E-09
+H-C8H16O	1	-127.112838682929	3.04053147061096E-09
+H-C6H12N2O	1	-127.087686562869	6.30578856925429E-09
+H-C7H12O2	1	-127.076453173579	5.52904058504394E-09
+H-C3H12O5	1	-127.061197032289	1.36322391165174E-08
+H-C10H8	1	-127.055323805519	6.349297703049E-10
+H-C5H8O2N2	1	-127.051301053519	7.83273260205161E-09
+H-C6H8O3	1	-127.040067664229	8.18207894738831E-09
-H-C6H6O3	-1	-127.038970504411	8.18207894738831E-09
+H-C3H9ClO3	1	-127.016745378459	1.29387346772536E-06
-H-C2H6SO4	-1	-127.005956298381	4.60677809034558E-08
+H-C6H5FS	1	-127.002323045959	4.8053811668797E-08
+H-CH5O5P	1	-126.980183805099	2.55942827154238E-08
+H-C8H17N	1	-126.128823100019	3.15430217409111E-09
+H-C7H13NO	1	-126.092437590669	4.05239024597597E-09
+H-C7H13ON	1	-126.092437590669	4.05239024597597E-09
-H-C7H11NO	-1	-126.091340430851	4.05239024597597E-09
+H-C6H9NO2	1	-126.056052081319	6.15993337210973E-09
-H-C2H7NO3S	-1	-126.021940715471	4.55900362474216E-08
+H-C3H4F3NO	1	-126.017221788789	5.25813899707839E-08
+H-C4H5SN3	1	-126.013141896519	4.55440529872446E-08
+H-C4H5N3S	1	-126.013141896519	4.55440529872446E-08
+H-C6H6ClN	1	-126.011600427489	1.29385065976859E-06
+H-C2H3Cl2NO	1	-125.951892632369	2.58769804897817E-06
+H-C9H18	1	-125.133574127819	1.5419722993119E-09
-H-C9H16	-1	-125.132476968001	1.5419722993119E-09
+H-C8H14O	1	-125.097188618469	2.96379907890132E-09
-H-C8H12O	-1	-125.096091458651	2.96379907890132E-09
-H-C5H8N4	-1	-125.082172727881	1.12321636556856E-08
+H-C6H10N2O	1	-125.072036498409	6.27964003907605E-09
+H-C3H12O4N	1	-125.069356417149	1.12755534899522E-08
+H-C7H10O2	1	-125.060803109119	5.49919988100924E-09
-H-C7H8O2	-1	-125.059705949301	5.49919988100924E-09
+H-C6H7FN2	1	-125.052049944879	1.83621621065523E-08
+H-C2H10N2O2S	1	-125.039022292379	4.54439556964138E-08
+H-C5H6N2O2	1	-125.035650989059	7.82011801313635E-09
-H-C3H8O3S	-1	-125.026691743271	4.55054702780191E-08
+H-C6H6O3	1	-125.024417599769	8.17000377144542E-09
+H-C7H7Cl	1	-125.016351455289	1.29384766369161E-06
+H-C6H6OS	1	-125.006659535029	4.48457078913856E-08
+H-C4H4N3S	1	-125.005316864289	4.55434207287341E-08
+H-C2H7O4P	1	-125.000919249989	2.42629052847933E-08
-H-C2H4O4S	-1	-124.990306233921	4.60656377693063E-08
+H-CH3O5P	1	-124.964533740639	2.55923539475975E-08
+H-CH2SO5	1	-124.955017884389	4.67802181365709E-08
-H-CSO5	-1	-124.953920724571	4.67802181365709E-08
+H-CH3BrO2	1	-124.924365483509	0.000110485672773989
+H-C8H15N	1	-124.113173035559	3.07505878249822E-09
-H-C8H13N	-1	-124.112075875741	3.07505878249822E-09
+H-C6H11N3	1	-124.088020915499	8.45066361393607E-09
+H-C7H11NO	1	-124.076787526209	4.00747641289791E-09
+H-C7H11ON	1	-124.076787526209	4.00747641289791E-09
-H-C7H9NO	-1	-124.075690366391	4.00747641289791E-09
+H-C7H8FN	1	-124.056800972679	1.77128659972887E-08
+H-C5H7ON3	1	-124.051635406149	8.84764762904996E-09
-H-C6H5NO2	-1	-124.039304857041	6.14120638205487E-09
+H-C2H8BrN	1	-123.976735409949	0.00011048567267732
+H-C9H16	1	-123.117924063359	1.3605637935105E-09
-H-C9H14	-1	-123.116826903541	1.3605637935105E-09
+H-C8H12O	1	-123.081538554009	2.89641095640296E-09
+H-C6H8N2O	1	-123.056386433949	6.25864255670112E-09
+H-C7H8O2	1	-123.045153044659	5.47521022093903E-09
-H-C7H6O2	-1	-123.044055884841	5.47521022093903E-09
+H-C3H8O5	1	-123.029896903369	1.36104952335438E-08
-H-C3H6O5	-1	-123.028799743551	1.36104952335438E-08
+H-C7H8S	1	-123.027394979919	4.47654026315835E-08
+H-C7H5Cl	1	-123.000701390829	1.29384760010405E-06
+H-C6H9N3	1	-122.072370851039	8.43312125503417E-09
+H-C7H9NO	1	-122.061137461749	3.9703508391752E-09
+H-C7H9ON	1	-122.061137461749	3.9703508391752E-09
+H-C6H4-(OCH3)NH2	1	-122.061137461749	3.9703508391752E-09
-H-C7H7NO	-1	-122.060040301931	3.9703508391752E-09
-H-C3H7SO2N	-1	-122.027026095901	4.51827723375115E-08
+H-C2H6O3NP	1	-122.001253602619	2.33385010601026E-08
+H-C9H14	1	-121.102273998899	1.1791552877091E-09
-H-C5H12O3	-1	-121.085920697791	8.24218947128783E-09
+H-C7H10N2	1	-121.077121878839	5.66040468807691E-09
+H-C5H11FO2	1	-121.067031304079	1.83274810069859E-08
+H-H2O-C8H8	1	-121.065888489549	2.83903257617805E-09
+H-C8H10O	1	-121.065888489549	2.83903257617805E-09
-H-C8H8O	-1	-121.064791329731	2.83903257617805E-09
+H-C4H10O4	1	-121.050632348259	1.09071340315437E-08
-H-C4H8O4	-1	-121.049535188441	1.09071340315437E-08
+H-C3H10N2OS	1	-121.044107672809	4.51992479580682E-08
-H-CH6F2O4	-1	-121.030691449441	3.66155495856776E-08
+H-C7H6O2	1	-121.029502980199	5.4571487690563E-09
+H-C6H5CO2H	1	-121.029502980199	5.4571487690563E-09
-H-C7H4O2	-1	-121.028405820381	5.4571487690563E-09
+H-C3H6OS2	1	-120.978730709429	8.95642335262418E-08
+H-C2Cl2N2	1	-120.936576920539	2.58770116215834E-06
-H-C9H11	-1	-120.093351806851	1.0884510348084E-09
+H-2(CH3)-C6H3NH2	1	-120.081872906639	2.94383583312133E-09
+H-C8H11N	1	-120.081872906639	2.94383583312133E-09
-H-C5H11O3	-1	-120.078095665561	8.22970265217712E-09
-H-C4H9O3N	-1	-120.065519605531	8.67233817954793E-09
+H-C4H11NOS	1	-120.048858700609	4.49399377408836E-08
+H-C7H7NO	1	-120.045487397289	3.94123362214162E-09
+H-C7H7ON	1	-120.045487397289	3.94123362214162E-09
-H-C7H5NO	-1	-120.044390237471	3.94123362214162E-09
-H-C7H5ON	-1	-120.044390237471	3.94123362214162E-09
-C4H8O4	-1	-120.041710156211	1.09007205879546E-08
+H-C4H3N5	1	-120.031568666519	1.4004249020191E-08
-H-C3H5O4N	-1	-120.029134096181	1.124450040143E-08
+H-C7H4FN	1	-120.025500843759	1.77035739718887E-08
+H-C3H7NO2S	1	-120.012473191259	4.51802230271338E-08
+H-NH3-C5H13NO	1	-119.118986691789	6.37327268171875E-09
-H-C6H14O2	-1	-119.106656142681	5.60588306928244E-09
+H-C5H12O3	1	-119.071367793149	8.21819802200475E-09
-H-C5H10O3	-1	-119.070270633331	8.21819802200475E-09
-H-H2O-C4H7CO2H	-1	-119.070270633331	8.21819802200475E-09
+H-C5H9FO2	1	-119.051381239619	1.83193989706986E-08
+H-C8H8O	1	-119.050238425089	2.7922810748174E-09
-H-C8H6O	-1	-119.049141265271	2.7922810748174E-09
+H-C4H8O4	1	-119.034982283799	1.08950585319328E-08
+H-C6H4N2O	1	-119.025086305029	6.23229622152055E-09
+H-C4H8O2S	1	-119.017224219059	4.50945236577352E-08
+H-C7H4O2	1	-119.013852915739	5.44507451773659E-09
+H-C5H13O2N	1	-118.087352210239	6.21312804216789E-09
+H-C8H9N	1	-118.066222842179	2.89309315414752E-09
+H-C4H9NO3	1	-118.050966700889	8.65524511996344E-09
+H-C6H5N3	1	-118.041070722119	8.40967452107297E-09
+H-C4H9NOS	1	-118.033208636149	4.49366423171636E-08
+H-C7H5ON	1	-118.029837332829	3.92030320694893E-09
+H-C7H5NO	1	-118.029837332829	3.92030320694893E-09
+H-NH3-C5H11NO	1	-117.103336627329	6.3370243830889E-09
+H-C6H14O2	1	-117.092103238039	5.56463820412326E-09
+H-C9H10	1	-117.070973869979	8.163382761063E-10
+H-C5H10O3	1	-117.055717728689	8.19815151537905E-09
-H-C5H8O3	-1	-117.054620568871	8.19815151537905E-09
+H-C7H6N2	1	-117.045821749919	5.61955999960173E-09
+H-C2H6N4O2	1	-117.041798997919	1.24609616360328E-08
+H-C5H10OS	1	-117.037959663949	4.48508443947621E-08
+H-C8H6O	1	-117.034588360629	2.75669717686234E-09
+H-C4H6O4	1	-117.019332219339	1.08859931167708E-08
-H-C4H4O4	-1	-117.018235059521	1.08859931167708E-08
-H-C4H4S2	-1	-116.982718930041	8.9522948060012E-08
+H-HCCl3	1	-116.907106625909	3.881542647702E-06
-CCl3	1	-116.907106625909	3.881542647702E-06
+H-C6H15ON	1	-116.108087655129	4.10483669631125E-09
+H-H2O-C6H13N	1	-116.108087655129	4.10483669631125E-09
+H-C6H15NO	1	-116.108087655129	4.10483669631125E-09
-H-C6H13NO	-1	-116.106990495311	4.10483669631125E-09
+H-C5H11NO2	1	-116.071702145779	6.18392760004716E-09
+H-C5H11O2N	1	-116.071702145779	6.18392760004716E-09
+H-C8H7N	1	-116.050572777719	2.85300274741115E-09
+H-C3H7N3O2	1	-116.046550025719	1.00230714818625E-08
+H-C4H7NO3	1	-116.035316636429	8.64192714415085E-09
+H-C6H16N2	1	-115.124072072219	5.76410503790299E-09
-H-C7H14O	-1	-115.111741523111	3.04053147061096E-09
-H-C6H12NO	-1	-115.099165463081	4.0776890812123E-09
+H-C5H12ON2	1	-115.087686562869	6.30578856925429E-09
-H-C5H10N2O	-1	-115.086589403051	6.30578856925429E-09
-H-C5H10ON2	-1	-115.086589403051	6.30578856925429E-09
+H-C3H13FO3	1	-115.077595988109	1.93190850845736E-08
+H-C6H12O2	1	-115.076453173579	5.52904058504394E-09
+H-C9H8	1	-115.055323805519	6.349297703049E-10
+H-C4H8N2O2	1	-115.051301053519	7.83273260205161E-09
+H-C5H8O3	1	-115.040067664229	8.18207894738831E-09
-H-C5H6O3	-1	-115.038970504411	8.18207894738831E-09
+H-C3H7F3O	1	-115.037622881049	5.25088684324567E-08
+H-H8N2O5	1	-115.036044912229	1.4717994209609E-08
+H-H5O5P	1	-114.980183805099	2.55942827154238E-08
+H-H2O-H3PO4	1	-114.980183805099	2.55942827154238E-08
+H-H4SO5	1	-114.970667948849	4.6780921613379E-08
+H-C7H17N	1	-114.128823100019	3.15430217409111E-09
+H-C6H13ON	1	-114.092437590669	4.05239024597597E-09
+H-C6H13NO	1	-114.092437590669	4.05239024597597E-09
-H-C4H7N3O	-1	-114.066188310791	8.86065640286729E-09
+H-C5H9NO2	1	-114.056052081319	6.15993337210973E-09
+H-C5H9O2N	1	-114.056052081319	6.15993337210973E-09
-H-C5H7NO2	-1	-114.054954921501	6.15993337210973E-09
-H-C5H7O2N	-1	-114.054954921501	6.15993337210973E-09
+H-C5H9NS	1	-114.038294016579	4.48542988458535E-08
+H-C3H5O2N3	1	-114.030899961259	1.00148597943576E-08
+H-C4H5O3N	1	-114.019666571969	8.63240172460282E-09
+H-C5H7SO	1	-114.014484567259	4.48467168938365E-08
+H-C3H5SN3	1	-114.013141896519	4.55440529872446E-08
+H-C6H14N2	1	-113.108422007759	5.7240003707459E-09
+H-C7H14O	1	-113.097188618469	2.96379907890132E-09
+H-C3H14O4	1	-113.081932477179	1.09402729304874E-08
+H-C5H10ON2	1	-113.072036498409	6.27964003907605E-09
+H-C3H11FO3	1	-113.061945923649	1.93097138507863E-08
+H-C6H10O2	1	-113.060803109119	5.49919988100924E-09
+H-C2H10O5	1	-113.045546967829	1.36201634670857E-08
+H-C4H6N2O2	1	-113.035650989059	7.82011801313635E-09
-H-C4H4N2O2	-1	-113.034553829241	7.82011801313635E-09
+H-C5H6O3	1	-113.024417599769	8.17000377144542E-09
+H-C7H15N	1	-112.113173035559	3.07505878249822E-09
+H-C6H11NO	1	-112.076787526209	4.00747641289791E-09
+H-C6H11ON	1	-112.076787526209	4.00747641289791E-09
-H-C4H5ON3	-1	-112.050538246331	8.84764762904996E-09
+H-C5H7O2N	1	-112.040402016859	6.14120638205487E-09
+H-C2H2F3ON	1	-112.001571724329	5.2580764098363E-08
+H-C2H2F3NO	1	-112.001571724329	5.2580764098363E-08
+H-C8H16	1	-111.117924063359	1.3605637935105E-09
+H-C7H12O	1	-111.081538554009	2.89641095640296E-09
+H-C5H8N2O	1	-111.056386433949	6.25864255670112E-09
+H-C5H8ON2	1	-111.056386433949	6.25864255670112E-09
+H-C6H8O2	1	-111.045153044659	5.47521022093903E-09
-H-C6H6O2	-1	-111.044055884841	5.47521022093903E-09
+H-C3H4ON4	1	-111.031234313889	1.15309511900832E-08
+H-C2H8O5	1	-111.029896903369	1.36104952335438E-08
-H-C2H6SO3	-1	-111.011041678811	4.55025774309089E-08
+H-C2H5FO4	1	-111.009910349839	2.05895566622178E-08
+H-C5H4O3	1	-111.008767535309	8.16194372937746E-09
+H-C3H3F3O	1	-111.006322752129	5.2506361440203E-08
+H-C6H5Cl	1	-111.000701390829	1.29384760010405E-06
+H-C5H4OS	1	-110.991009470569	4.48442402109298E-08
+H-CH5O4P	1	-110.985269185529	2.4259514167208E-08
-H-NO4S	-1	-110.962080109431	4.61485533043022E-08
+H-C2H2Cl2O	1	-110.940993595709	2.58769652868345E-06
+H-C2H3N3-C3H6	1	-110.072370851039	8.43312125503417E-09
+H-C6H9NO	1	-110.061137461749	3.9703508391752E-09
+H-C6H9ON	1	-110.061137461749	3.9703508391752E-09
+H-C4H5ON3	1	-110.035985341689	8.83834392507714E-09
-H-C2H7NO2S	-1	-110.027026095901	4.51827723375115E-08
-H-C6H5S	-1	-110.018472787871	4.4764208005597E-08
+H-C6H4Cl	1	-109.992876358599	1.2938475778484E-06
+H-CH6BrN	1	-109.961085345489	0.000110485672676426
+H-CH4BrO	1	-109.937275896169	0.000110485672673795
+H-C8H14	1	-109.102273998899	1.1791552877091E-09
-H-C8H12	-1	-109.101176839081	1.1791552877091E-09
+H-C4H14O3	1	-109.087017857609	8.24218947128783E-09
+H-C7H10O	1	-109.065888489549	2.83903257617805E-09
-H-C7H8O	-1	-109.064791329731	2.83903257617805E-09
+H-C3H10O4	1	-109.050632348259	1.09071340315437E-08
-H-C3H8O4	-1	-109.049535188441	1.09071340315437E-08
+H-C5H6N2O	1	-109.040736369489	6.24284809815902E-09
+H-C6H6O2	1	-109.029502980199	5.4571487690563E-09
+H-C6H6S	1	-109.011744915459	4.47631971433221E-08
+H-C3H7ClO2	1	-109.006180694429	1.29385909264935E-06
+H-C3H4Cl2	1	-108.961729040599	2.5876951127752E-06
-H-CO4S	-1	-108.959006105001	4.60634945354462E-08
+H-CH5BrN	1	-108.953260313259	0.000110485672676091
+H-C2Cl2O	1	-108.925343531249	2.58769652868345E-06
+H-C7H11N	1	-108.081872906639	2.94383583312133E-09
+H-C6H7ON	1	-108.045487397289	3.94123362214162E-09
+H-C6H7NO	1	-108.045487397289	3.94123362214162E-09
+H-C2H7SO2N	1	-108.012473191259	4.51802230271338E-08
+H-C2H7NO2S	1	-108.012473191259	4.51802230271338E-08
+H-C5H3NO2	1	-108.009101887939	6.11973393695957E-09
+H-C8H12	1	-107.086623934439	9.977467819077E-10
-H-C8H10	-1	-107.085526774621	9.977467819077E-10
+H-C6H8N2	1	-107.061471814379	5.63710110473339E-09
+H-C7H8O	1	-107.050238425089	2.7922810748174E-09
-H-C7H6O	-1	-107.049141265271	2.7922810748174E-09
+H-C3H8O4	1	-107.034982283799	1.08950585319328E-08
-H-C3H6O4	-1	-107.033885123981	1.08950585319328E-08
-H-C2H2O5	-1	-106.997499614631	1.3598400275126E-08
+H-C2H4O3S	1	-106.980838709709	4.54989611133714E-08
+H-C3H5ClS	1	-106.972772565229	1.29462162442621E-06
+H-CHO4P	1	-106.953969056609	2.42568009318018E-08
+H-C4H13O2N	1	-106.087352210239	6.21312804216789E-09
+H-C7H9N	1	-106.066222842179	2.89309315414752E-09
+H-C6H5CH2NH2	1	-106.066222842179	2.89309315414752E-09
-H-C4H9O3	-1	-106.062445601101	8.20767971094773E-09
+H-C3H7O2S	1	-106.009399186829	4.50933377509207E-08
+H-CHSO3N	1	-105.960437617449	4.55842611029901E-08
+H-CBrO	1	-105.905975767249	0.000110485672673497
+H-C5H14O2	1	-105.092103238039	5.56463820412326E-09
+H-C8H10	1	-105.070973869979	8.163382761063E-10
+H-C3H10N2O2	1	-105.066951117979	7.84952051930938E-09
+H-CH11FO4	1	-105.056860543219	2.06063323644018E-08
+H-C4H10O3	1	-105.055717728689	8.19815151537905E-09
-H-C4H8O3	-1	-105.054620568871	8.19815151537905E-09
+H-C7H6O	1	-105.034588360629	2.75669717686234E-09
+H-C3H6O4	1	-105.019332219339	1.08859931167708E-08
-H-C3H4O4	-1	-105.018235059521	1.08859931167708E-08
+H-C3H6O2S	1	-105.001574154599	4.5092334266948E-08
-H-CN2O4	-1	-104.993082939461	1.22344254018848E-08
+H-C5H15NO	1	-104.108087655129	4.10483669631125E-09
+H-C4H11O2N	1	-104.071702145779	6.18392760004716E-09
+H-C7H7N	1	-104.050572777719	2.85300274741115E-09
+H-C3H7O3N	1	-104.035316636429	8.64192714415085E-09
+H-C3H7NO3	1	-104.035316636429	8.64192714415085E-09
+H-C7H5O	1	-104.026763328399	2.74323421739237E-09
+H-HSCH2CONHCH3	1	-104.017558571689	4.49340790427362E-08
+H-C5H12O2	1	-103.076453173579	5.52904058504394E-09
-H-C5H10O2	-1	-103.075356013761	5.52904058504394E-09
+H-C5H12S	1	-103.058695108839	4.47720184445081E-08
+H-C8H8	1	-103.055323805519	6.349297703049E-10
+H-C4H8O3	1	-103.040067664229	8.18207894738831E-09
-H-C4H6O3	-1	-103.038970504411	8.18207894738831E-09
-H-CH4F2O3	-1	-103.020126765411	3.58990965439579E-08
+H-C3H4O4	1	-103.003682154879	1.08799453102703E-08
+H-C2H4N2OS	1	-102.997157479429	4.51926946878292E-08
+H-CClF3	1	-102.956785717869	1.2949096417399E-06
+H-C5H13ON	1	-102.092437590669	4.05239024597597E-09
+H-C5H13NO	1	-102.092437590669	4.05239024597597E-09
+H-C4H9NO2	1	-102.056052081319	6.15993337210973E-09
+H-C4H9O2N	1	-102.056052081319	6.15993337210973E-09
-H-C3H3NO3	-1	-102.018569412151	8.63240172460282E-09
+H-C3H2ClNO	1	-101.975214918139	1.29385344070615E-06
+H-C5H14N2	1	-101.108422007759	5.7240003707459E-09
+H-C6H14O	1	-101.097188618469	2.96379907890132E-09
-H-C6H12O	-1	-101.096091458651	2.96379907890132E-09
+H-C5H10O2	1	-101.060803109119	5.49919988100924E-09
-H-C5H8O2	-1	-101.059705949301	5.49919988100924E-09
+H-C3H6N2O2	1	-101.035650989059	7.82011801313635E-09
+H-C3H6O2N2	1	-101.035650989059	7.82011801313635E-09
+H-C4H6O3	1	-101.024417599769	8.17000377144542E-09
+H-C2H5F3O	1	-101.021972816589	5.25073015763252E-08
+H-C3H6N2S	1	-101.017892924319	4.51122776142337E-08
+H-C4H6SO	1	-101.006659535029	4.48457078913856E-08
+H-C6H15N	1	-100.113173035559	3.07505878249822E-09
-H-C6H13N	-1	-100.112075875741	3.07505878249822E-09
+H-C6H13O	1	-100.089363586239	2.92889457692479E-09
+H-C5H11ON	1	-100.076787526209	4.00747641289791E-09
+H-C5H11NO	1	-100.076787526209	4.00747641289791E-09
+H-C2H7N5	1	-100.062868795439	1.40136455994626E-08
+H-C4H7O2N	1	-100.040402016859	6.14120638205487E-09
+H-C4H7NO2	1	-100.040402016859	6.14120638205487E-09
+H-C3H5NO-CH2O	1	-100.040402016859	6.14120638205487E-09
-C5H5Cl	1	-100.008526423059	1.29384762871845E-06
+H-C3H3NO3	1	-100.004016507509	8.62668142433662E-09
+H-C5H12N2	1	-99.0927719432991	5.68939994134479E-09
+H-C6H12O	1	-99.0815385540091	2.89641095640296E-09
+H-C5H8O2	1	-99.0451530446591	5.47521022093903E-09
+H-C3H4O2N2	1	-99.0200009245991	7.81169697027933E-09
+H-C2N2O(CH3)OH	1	-99.0200009245991	7.81169697027933E-09
+H-C4H4O3	1	-99.0087675353091	8.16194372937746E-09
-H-C4H2O3	-1	-99.0076703754909	8.16194372937746E-09
+H-C2H3F3O	1	-99.0063227521291	5.2506361440203E-08
-H-H3PO4	-1	-98.9841720257109	2.4259514167208E-08
-H-H3O4P	-1	-98.9841720257109	2.4259514167208E-08
+H-CH2Cl2O	1	-98.9409935957091	2.58769652868345E-06
+H-C6H13N	1	-98.0975229710991	3.00469115186856E-09
+H-C5H9ON	1	-98.0611374617491	3.9703508391752E-09
+H-C5H9NO	1	-98.0611374617491	3.9703508391752E-09
+H-C3H5N3O	1	-98.0359853416891	8.83834392507714E-09
-H-C4H3NO2	-1	-98.0236547925809	6.12779492126703E-09
+H-C7H14	1	-97.1022739988991	1.1791552877091E-09
+H-C3H11FO2	1	-97.0670313040791	1.83274810069859E-08
+H-C6H10O	1	-97.0658884895491	2.83903257617805E-09
+H-C4H6N2O	1	-97.0407363694891	6.24284809815902E-09
+H-C5H6S	1	-97.0117449154591	4.47631971433221E-08
+H-H3O4P	1	-96.9696191210691	2.42574792691045E-08
+H-H2O4S	1	-96.9601032648191	4.60634945354462E-08
+H-H2SO4	1	-96.9601032648191	4.60634945354462E-08
+H-C6H11N	1	-96.0818729066391	2.94383583312133E-09
+H-C4H7N3	1	-96.0567207865791	8.4194519287344E-09
+H-C5H7ON	1	-96.0454873972891	3.94123362214162E-09
+H-C5H7NO	1	-96.0454873972891	3.94123362214162E-09
+H-C3H3N3O	1	-96.0203352772291	8.83275699880941E-09
+H-C2F3O	1	-95.9828476554391	5.25061264035422E-08
+H-CHCl2N	1	-95.9413279483391	2.58769661399449E-06
+H-H2BrO	1	-95.9216258317091	0.000110485672673497
+H-C7H12	1	-95.0866239344391	9.977467819077E-10
+H-C3H12O3	1	-95.0713677931491	8.21819802200475E-09
+H-C3H9FO2	1	-95.0513812396191	1.83193989706986E-08
+H-C6H8O	1	-95.0502384250891	2.7922810748174E-09
-H-C6H6O	-1	-95.0491412652709	2.7922810748174E-09
+Na-C4H6O4	1	-95.0373879695691	4.5017627778835E-08
+H-C3H4N4	1	-95.0363196943191	1.12057635866779E-08
+H-C2H8O4	1	-95.0349822837991	1.08950585319328E-08
-H-C2H6O4	-1	-95.0338851239809	1.08950585319328E-08
+H-C6H5F	1	-95.0302518715591	1.74822961577034E-08
+H-CH6NO4	1	-95.0224062237691	1.12404754971185E-08
+H-C2H5ClO2	1	-94.9905306299691	1.29385902906235E-06
+H-H3BrN	1	-94.9376102487991	0.000110485672675644
+H-C6H9N	1	-94.0662228421791	2.89309315414752E-09
+H-C4H5N3	1	-94.0410707221191	8.40967452107297E-09
+H-CH5SO2N	1	-93.9968231267991	4.51784020030774E-08
+H-C7H10	1	-93.0709738699791	8.163382761063E-10
+H-C3H10O3	1	-93.0557177286891	8.19815151537905E-09
+H-C5H6N2	1	-93.0458217499191	5.61955999960173E-09
-H-C3H5FO2	-1	-93.0346340153409	1.83131104765355E-08
+H-C6H6O	1	-93.0345883606291	2.75669717686234E-09
-H-CH4O3N2	-1	-93.0294684488109	9.90569203423968E-09
+H-C2H6O4	1	-93.0193322193391	1.08859931167708E-08
-H-C2H4O4	-1	-93.0182350595209	1.08859931167708E-08
+H-C3H7ClO	1	-93.0112660748591	1.29385052094051E-06
-H-CH2O4N	-1	-93.005658999491	1.12346185167728E-08
+H-C2H6O2S	1	-93.0015741545991	4.5092334266948E-08
+H-C2Cl2	1	-92.9304289116791	2.58769510005769E-06
-H-C7H7	-1	-92.0620516779309	7.256340232056E-10
+H-C3H11SN	1	-92.0539440810391	4.48576003188638E-08
+H-C6H5NH2	1	-92.0505727777191	2.85300274741115E-09
+H-C6H7N	1	-92.0505727777191	2.85300274741115E-09
+H-C2H7O3N	1	-92.0353166364291	8.64192714415085E-09
+H-C2H7NO3	1	-92.0353166364291	8.64192714415085E-09
+H-C4H12O2	1	-91.0764531735791	5.52904058504394E-09
+H-C7H8	1	-91.0553238055191	6.349297703049E-10
+H-C6H6N	1	-91.0427477454891	2.83709795394847E-09
+H-C3H8O3	1	-91.0400676642291	8.18207894738831E-09
-H-C3H6O3	-1	-91.038970504411	8.18207894738831E-09
+H-C2H4O4	1	-91.0036821548791	1.08799453102703E-08
+H-C3H5ClO	1	-90.9956160103991	1.29385045735309E-06
+H-C2H3ClNO	1	-90.9830399503691	1.29385345024424E-06
+H-N2O4	1	-90.9785300348191	1.22344254018848E-08
+Li-H3PO4	1	-90.9614407166991	3.98153060681663E-08
+H-C4H13NO	1	-90.0924375906691	4.05239024597597E-09
+H-C4H13ON	1	-90.0924375906691	4.05239024597597E-09
-H-C5H10F	-1	-90.0839299373509	1.75069855030085E-08
+H-C3H9NO2	1	-90.0560520813191	6.15993337210973E-09
+Na-C7H12O	1	-89.0995943042391	4.37786464873192E-08
+H-C4H10O2	1	-89.0608031091191	5.49919988100924E-09
+H-C3H10OSi	1	-89.0428150241991	1.26329907684744E-08
+H-C3H6O3	1	-89.0244175997691	8.17000377144542E-09
-H-C3H4O3	-1	-89.0233204399509	8.17000377144542E-09
-H-CH3F3O	-1	-89.0208756567709	5.25073015763252E-08
+H-C2H6N2S	1	-89.0178929243191	4.51122776142337E-08
+H-C2H6SN2	1	-89.0178929243191	4.51122776142337E-08
-H-CN2O3	-1	-88.9981683198909	9.8957203073519E-09
-H-C2O4	-1	-88.9869349306009	1.08769201460026E-08
+H-H4Cl2O	1	-88.9566436601691	2.58769654140095E-06
-H-C5H13N	-1	-88.1120758757409	3.07505878249822E-09
+H-C4H11ON	1	-88.0767875262091	4.00747641289791E-09
+H-C4H11NO	1	-88.0767875262091	4.00747641289791E-09
+H-C3H7O2N	1	-88.0404020168591	6.14120638205487E-09
+H-C3H7NO2	1	-88.0404020168591	6.14120638205487E-09
-H-C3H5O2N	-1	-88.039304857041	6.14120638205487E-09
-H-C3H5NO2	-1	-88.0393048570409	6.14120638205487E-09
+H-C2H3NO3	1	-88.0040165075091	8.62668142433662E-09
+H-H3Cl2O	1	-87.9488186279391	2.58769653345251E-06
+H-C4H12N2	1	-87.0927719432991	5.68939994134479E-09
+H-C5H12O	1	-87.0815385540091	2.89641095640296E-09
-H-C5H10O	-1	-87.0804413941909	2.89641095640296E-09
+H-C5H9F	1	-87.0615520004791	1.74935870391803E-08
+H-C3H8N2O	1	-87.0563864339491	6.25864255670112E-09
+H-CH9FO3	1	-87.0462958591891	1.9302043093555E-08
+H-C4H8O2	1	-87.0451530446591	5.47521022093903E-09
-H-C4H6O2	-1	-87.0440558848409	5.47521022093903E-09
+H-C2H4O2N2	1	-87.0200009245991	7.81169697027933E-09
+H-C2H4N2O2	1	-87.0200009245991	7.81169697027933E-09
+H-C3H4O3	1	-87.0087675353091	8.16194372937746E-09
-H-C3H2O3	-1	-87.0076703754909	8.16194372937746E-09
+H-C5H13N	1	-86.0975229710991	3.00469115186856E-09
+H-2(CH3)-NH-C3H6	1	-86.0975229710991	3.00469115186856E-09
+H-C3H9N3	1	-86.0723708510391	8.43312125503417E-09
+H-C4H9ON	1	-86.0611374617491	3.9703508391752E-09
+H-C4H9NO	1	-86.0611374617491	3.9703508391752E-09
-H-C4H5O2	-1	-86.036230852611	5.46543434358603E-09
+H-C3H5O2N	1	-86.0247519523991	6.12779492126703E-09
+H-C3H5NO2	1	-86.0247519523991	6.12779492126703E-09
-H-C3H3NO2	-1	-86.0236547925809	6.12779492126703E-09
-H-C3H3O2N	-1	-86.0236547925809	6.12779492126703E-09
+H-C2HNOS	1	-85.9706083783091	4.49307831893132E-08
-H-C6H12	-1	-85.1011768390809	1.1791552877091E-09
+H-C4H10N2	1	-85.0771218788391	5.66040468807691E-09
-H-C4H8N2	-1	-85.0760247190209	5.66040468807691E-09
+H-C5H10O	1	-85.0658884895491	2.83903257617805E-09
-H-C5H8O	-1	-85.0647913297309	2.83903257617805E-09
+H-C3H6ON2	1	-85.0407363694891	6.24284809815902E-09
+H-C4H6O2	1	-85.0295029801991	5.4571487690563E-09
-H-C4H4O2	-1	-85.0284058203809	5.4571487690563E-09
+H-C5H11N	1	-84.0818729066391	2.94383583312133E-09
+H-C4H7NO	1	-84.0454873972891	3.94123362214162E-09
+H-C4H7ON	1	-84.0454873972891	3.94123362214162E-09
+H-C3H3NO2	1	-84.0091018879391	6.11973393695957E-09
+H-C3H3O2N	1	-84.0091018879391	6.11973393695957E-09
+H-C6H12	1	-83.0866239344391	9.977467819077E-10
+H-C4H8N2	1	-83.0614718143791	5.63710110473339E-09
+H-C5H8O	1	-83.0502384250891	2.7922810748174E-09
+H-CH8O4	1	-83.0349822837991	1.08950585319328E-08
+H-CH5FO3	1	-83.0149957302691	1.92918106727629E-08
+H-C4H4O2	1	-83.0138529157391	5.44507451773659E-09
+H-C4H4S	1	-82.9960948509991	4.47617267574432E-08
-H-H3O3P	-1	-82.9892574061409	2.31682572308756E-08
-H-H2SO3	-1	-82.979741549891	4.54989611133714E-08
+H-C5H9N	1	-82.0662228421791	2.89309315414752E-09
-2H+Li-C3H5NO2	-1	-82.0311264526709	3.21654089159406E-08
+H-C4H5NO	1	-82.0298373328291	3.92030320694893E-09
+H-C6H10	1	-81.0709738699791	8.163382761063E-10
+H-C2H10O3	1	-81.0557177286891	8.19815151537905E-09
-H-C2H8O3	-1	-81.054620568871	8.19815151537905E-09
+H-C4H6-CO	1	-81.0345883606291	2.75669717686234E-09
+H-CH6O4	1	-81.0193322193391	1.08859931167708E-08
-H-CH4O4	-1	-81.0182350595209	1.08859931167708E-08
+H-H3PO3	1	-80.9747045014991	2.31661264776416E-08
+H-H3O3P	1	-80.9747045014991	2.31661264776416E-08
-H-CHClO2	-1	-80.9737834056909	1.29385899091015E-06
-H-HO3P	-1	-80.9736073416809	2.31661264776416E-08
+H-H2SO3	1	-80.9651886452491	4.54982378153718E-08
-H-O3S	-1	-80.9640914854309	4.54982378153718E-08
-H-SO3	-1	-80.9640914854309	4.54982378153718E-08
+H-H2OS2	1	-80.9474305805091	8.95631312140621E-08
+H-C2H8FNO	1	-80.0517155922491	1.79203604769957E-08
+Li-C3H5NO2	1	-80.0165735480291	3.21623394120174E-08
+H-H3SO2N	1	-79.9811730623391	4.51773093534103E-08
+H-NH3-SO2	1	-79.9811730623391	4.51773093534103E-08
+H-HSO3	1	-79.9573636130191	4.54981474023134E-08
+H-ClO2N	1	-79.9544794732491	1.29386201239564E-06
+H-ClNO2	1	-79.9544794732491	1.29386201239564E-06
+H-C6H8	1	-79.0553238055191	6.349297703049E-10
-H-C6H6	-1	-79.0542266457009	6.349297703049E-10
+H-C2H8O3	1	-79.0400676642291	8.18207894738831E-09
+H-C4H4N2	1	-79.0301716854591	5.60783544740887E-09
+H-C2H5FO2	1	-79.0200811106991	1.83086173725901E-08
+H-C2H7ClN	1	-79.0194254597191	1.29385069474167E-06
+H-CH4O4	1	-79.0036821548791	1.08799453102703E-08
+H-CH4O2S	1	-78.9859240901391	4.5090874614031E-08
+H-CH4SO2	1	-78.9859240901391	4.5090874614031E-08
-H-CH2O2S	-1	-78.9848269303209	4.5090874614031E-08
-H-CH2SO2	-1	-78.9848269303209	4.5090874614031E-08
+H-H2NO2S	1	-78.9733480301091	4.51770361868644E-08
+H-CHClO2	1	-78.9592305010491	1.29385897819275E-06
+H-HO3P	1	-78.9590544370391	2.31654161830111E-08
+H-O3S	1	-78.9495385807891	4.54982378153718E-08
+H-SO3	1	-78.9495385807891	4.54982378153718E-08
+H-HBr	1	-78.9188861799091	0.00011048567264
-Br	1	-78.9188861799091	0.00011048567264
+H-C5H5N	1	-78.0349227132591	2.82401831560104E-09
+H-CH5O3N	1	-78.0196665719691	8.63240172460282E-09
+H-CH3O2S	1	-77.9780990579091	4.50904184628042E-08
+H-Br	1	-77.9110611476791	0.000110485672640037
+H-C3H10O2	1	-77.0608031091191	5.49919988100924E-09
-H-C3H8O2	-1	-77.0597059493009	5.49919988100924E-09
+H-C3H7FO	1	-77.0408165555891	1.76971444578808E-08
+H-C6H6	1	-77.0396737410591	4.535212645035E-10
-H-C6H4	-1	-77.0385765812409	4.535212645035E-10
+H-C2H8SN	1	-77.0304689843491	4.48529231603775E-08
+H-C2H6O3	1	-77.0244175997691	8.17000377144542E-09
-H-C2H4O3	-1	-77.0233204399509	8.17000377144542E-09
+H-CH4NO3	1	-77.0118415397391	8.62906534362012E-09
+H-C2H6OS	1	-77.0066595350291	4.48457078913856E-08
+H-CH3ClN2	1	-76.9911993352291	1.2938596861101E-06
+H-CH2O2S	1	-76.9702740256791	4.50901447698531E-08
+H-C3H11NO	1	-76.0767875262091	4.00747641289791E-09
+H-C3H7NH2-H2O	1	-76.0767875262091	4.00747641289791E-09
+H-C3H9O2	1	-76.0529780768891	5.48646843478475E-09
+H-C2H7NO2	1	-76.0404020168591	6.14120638205487E-09
-H-C2H5NO2	-1	-76.0393048570409	6.14120638205487E-09
+H-C6H5	1	-76.0318487088291	3.628170116028E-10
-H-C4H10O	-1	-75.0804413941909	2.89641095640296E-09
+H-C4H9F	1	-75.0615520004791	1.74935870391803E-08
+H-C3H8O2	1	-75.0451530446591	5.47521022093903E-09
-H-C3H6O2	-1	-75.0440558848409	5.47521022093903E-09
+H-C3H8S	1	-75.0273949799191	4.47654026315835E-08
+H-HF-CO-C2H4	1	-75.0251664911291	1.7692494926754E-08
+H-C6H4	1	-75.0240236765991	2.721127587021E-10
-H-CH2N2O2	-1	-75.0189037647809	7.81169697027933E-09
-H-C2H2O3	-1	-75.0076703754909	8.16194372937746E-09
+H-CH4SN2	1	-75.0022428598591	4.51108186066245E-08
+H-CH4N2S	1	-75.0022428598591	4.51108186066245E-08
+H-C3H5Cl	1	-75.0007013908291	1.29384760010405E-06
-H-CNO3	-1	-74.9950943154609	8.62525075650045E-09
+H-C2H4OS	1	-74.9910094705691	4.48442402109298E-08
+H-C2HClO	1	-74.9643158814791	1.29385040648315E-06
+H-C3H9ON	1	-74.0611374617491	3.9703508391752E-09
+H-C3H7N-H2O	1	-74.0611374617491	3.9703508391752E-09
+H-C3H9NO	1	-74.0611374617491	3.9703508391752E-09
+H-CH5ON3	1	-74.0359853416891	8.83834392507714E-09
+H-C2H5O2N	1	-74.0247519523991	6.12779492126703E-09
+H-C2H5NO2	1	-74.0247519523991	6.12779492126703E-09
-H-C2H3NO2	-1	-74.0236547925809	6.12779492126703E-09
+H-NO2-CHO	1	-73.9883664430491	8.62477381448449E-09
+K-C7H12O	1	-73.1256570998391	1.90944626223087E-07
-H-C4H10N	-1	-73.0886007790509	2.97303580599846E-09
+H-C4H10O	1	-73.0658884895491	2.83903257617805E-09
-H-C3H6NO	-1	-73.0522152697009	3.95477899050315E-09
+H-C4H7F	1	-73.0459019360191	1.74870015776158E-08
+H-C2H6N2O	1	-73.0407363694891	6.24284809815902E-09
+H-C2H6ON2	1	-73.0407363694891	6.24284809815902E-09
+H-H7FO3	1	-73.0306457947291	1.92960748408482E-08
+H-C3H6O2	1	-73.0295029801991	5.4571487690563E-09
-H-C3H4O2	-1	-73.0284058203809	5.4571487690563E-09
+H-C2H4NO2	1	-73.0169269201691	6.12309397009764E-09
+H-C3H6S	1	-73.0117449154591	4.47631971433221E-08
+H-CH2N2O2	1	-73.0043508601391	7.80748304279407E-09
+H-C2H2O3	1	-72.9931174708491	8.15791072208871E-09
-H-C2O3	-1	-72.9920203110309	8.15791072208871E-09
+H-C2H2OS	1	-72.9753594061091	4.48435063526886E-08
-H-H2Cl2	-1	-72.9606318807809	2.5876951127752E-06
-H-C5H11	-1	-72.0933518068509	1.0884510348084E-09
+H-C4H11N	1	-72.0818729066391	2.94383583312133E-09
+H-C2H7N3	1	-72.0567207865791	8.4194519287344E-09
+H-2(CH3)-NCOH	1	-72.0454873972891	3.94123362214162E-09
+H-C3H7ON	1	-72.0454873972891	3.94123362214162E-09
-H-C3H5NO	-1	-72.0443902374709	3.94123362214162E-09
-H-C3H5ON	-1	-72.0443902374709	3.94123362214162E-09
+H-C2H3O2N	1	-72.0091018879391	6.11973393695957E-09
-H-C2HNO2	-1	-72.0080047281209	6.11973393695957E-09
-H-C2HO2N	-1	-72.0080047281209	6.11973393695957E-09
-CH2SCN	-1	-71.9902466633809	4.48487958507637E-08
-C3H7-C2H4	1	-71.0866239344391	9.977467819077E-10
-H-C5H10	-1	-71.0855267746209	9.977467819077E-10
+H-C4H10N	1	-71.0740478744091	2.91716496687759E-09
+H-C4H8O	1	-71.0502384250891	2.7922810748174E-09
+H-CH4N4	1	-71.0363196943191	1.12057635866779E-08
+H-4H2O	1	-71.0349822837991	1.08950585319328E-08
+H-C2H4N2O	1	-71.0250863050291	6.23229622152055E-09
+H-C3H4O2	1	-71.0138529157391	5.44507451773659E-09
-H-C3H2O2	-1	-71.0127557559209	5.44507451773659E-09
-H-CHF3	-1	-71.0103109727409	5.24359065326583E-08
+H-C2O3	1	-70.9774674063891	8.15791072208871E-09
-Cl2H	1	-70.9460789761391	2.58769510005769E-06
+H-H2Cl2	1	-70.9460789761391	2.58769510005769E-06
+H-C5H11	1	-70.0787989022091	9.07042529007E-10
-H-C5H9	-1	-70.0777017423909	9.07042529007E-10
+H-C4H9N	1	-70.0662228421791	2.89309315414752E-09
+H-C2H5N3	1	-70.0410707221191	8.40967452107297E-09
+H-C3H5ON	1	-70.0298373328291	3.92030320694893E-09
+H-C3H5NO	1	-70.0298373328291	3.92030320694893E-09
+H-C3H3O2	1	-70.0060278835091	5.44129581958498E-09
+H-CO-CONH	1	-69.9934518234791	6.11704458159311E-09
+H-C2HNO2	1	-69.9934518234791	6.11704458159311E-09
+H-C2HO2N	1	-69.9934518234791	6.11704458159311E-09
+H-C5H10	1	-69.0709738699791	8.163382761063E-10
-H-C5H8	-1	-69.0698767101609	8.163382761063E-10
+H-C3H6N2	1	-69.0458217499191	5.61955999960173E-09
+H-CH7FO2	1	-69.0357311751591	1.83131104765355E-08
+H-C4H6O	1	-69.0345883606291	2.75669717686234E-09
+H-CH2N4	1	-69.0206696298591	1.12028264053569E-08
+H-C2H2N2O	1	-69.0094362405691	6.22701357801837E-09
+H-C2H2ON2	1	-69.0094362405691	6.22701357801837E-09
+H-H6O2S	1	-69.0015741545991	4.5092334266948E-08
+H-C4H7N	1	-68.0505727777191	2.85300274741115E-09
+H-C2H3N3	1	-68.0254206576591	8.40380261622396E-09
+H-C5H8	1	-67.0553238055191	6.349297703049E-10
+H-CH8O3	1	-67.0400676642291	8.18207894738831E-09
-H-CH6O3	-1	-67.0389705044109	8.18207894738831E-09
+H-C3H4N2	1	-67.0301716854591	5.60783544740887E-09
-H-C3H2N2	-1	-67.0290745256409	5.60783544740887E-09
+H-C4H4O	1	-67.0189382961691	2.73271717179302E-09
+H-CH2F2O	1	-67.0000945571691	3.50627736509255E-08
+H-CH4ClO	1	-65.9877909781691	1.29385043509749E-06
+H-C5H6	1	-65.0396737410591	4.535212645035E-10
+H-H6N2O2	1	-65.0356509890591	7.82011801313635E-09
+H-CH6O3	1	-65.0244175997691	8.17000377144542E-09
-H-H2O-HCO2H	-1	-65.0233204399509	8.17000377144542E-09
+H-H3FN2O	1	-65.0156644355291	1.85553071288796E-08
+H-CH6OS	1	-65.0066595350291	4.48457078913856E-08
-H-CH4SO	-1	-65.0055623752109	4.48457078913856E-08
+H-CH3FO2	1	-65.0044310462391	1.83059209808733E-08
-H-CHFO2	-1	-65.0033338864209	1.83059209808733E-08
+H-H2O2S	1	-64.9702740256791	4.50901447698531E-08
+H-H2SO2	1	-64.9702740256791	4.50901447698531E-08
-H-O2S	-1	-64.9691768658609	4.50901447698531E-08
-H-SO2	-1	-64.9691768658609	4.50901447698531E-08
+H-CH7NO2	1	-64.0404020168591	6.14120638205487E-09
+H-C2H10ON	1	-63.0689624939791	3.98792542953625E-09
+H-CH8N2O	1	-63.0563864339491	6.25864255670112E-09
+H-C2H8O2	1	-63.0451530446591	5.47521022093903E-09
-H-C2H6O2	-1	-63.0440558848409	5.47521022093903E-09
+H-C2H5FO	1	-63.0251664911291	1.7692494926754E-08
-H-C2H3FO	-1	-63.0240693313109	1.7692494926754E-08
-H-H2O2N2	-1	-63.0189037647809	7.81169697027933E-09
+H-CH4O3	1	-63.0087675353091	8.16194372937746E-09
-H-H2O-CO2	-1	-63.0076703754909	8.16194372937746E-09
-H-CH2O3	-1	-63.0076703754909	8.16194372937746E-09
+H-CH4OS	1	-62.9910094705691	4.48442402109298E-08
+H-CHClO	1	-62.9643158814791	1.29385040648315E-06
+H-SO2	1	-62.9546239612191	4.50901447698531E-08
+H-O2S	1	-62.9546239612191	4.50901447698531E-08
+H-S2	1	-62.9368658964791	8.95218452394707E-08
+H-C2H9NO	1	-62.0611374617491	3.9703508391752E-09
+H-C2H9ON	1	-62.0611374617491	3.9703508391752E-09
-H-C2H7ON	-1	-62.0600403019309	3.9703508391752E-09
+H-C2H5N-HF	1	-62.0411509082191	1.77072913671753E-08
+H-C2H6FN	1	-62.0411509082191	1.77072913671753E-08
+H-CH5NO2	1	-62.0247519523991	6.12779492126703E-09
+H-CH5O2N	1	-62.0247519523991	6.12779492126703E-09
-H-CH3O2N	-1	-62.0236547925809	6.12779492126703E-09
-H-CH3NO2	-1	-62.0236547925809	6.12779492126703E-09
+H-CH2ClN	1	-61.9803002985691	1.2938505834637E-06
+H-CClO	1	-61.9564908492491	1.29385040966252E-06
-H-CH4N2O	-1	-61.0396392096709	6.24284809815902E-09
+H-C2H6O2	1	-61.0295029801991	5.4571487690563E-09
-H-C2H4O2	-1	-61.0284058203809	5.4571487690563E-09
+H-C2H6S	1	-61.0117449154591	4.47631971433221E-08
-H-N2O2	-1	-61.0032537003209	7.80748304279407E-09
+H-CH2O3	1	-60.9931174708491	8.15791072208871E-09
+H-H2N2S	1	-60.9865927953991	4.5110089085124E-08
+H-C2H7NO	1	-60.0454873972891	3.94123362214162E-09
+H-C2H7ON	1	-60.0454873972891	3.94123362214162E-09
-H-C2H5NO	-1	-60.0443902374709	3.94123362214162E-09
-H-CH2O-CH2NH	-1	-60.0443902374709	3.94123362214162E-09
-H-C2H5ON	-1	-60.0443902374709	3.94123362214162E-09
+H-C2H5O2	1	-60.0216779479691	5.45036029397729E-09
-H-C2H3O2	-1	-60.0205807881509	5.45036029397729E-09
+H-CH3NO2	1	-60.0091018879391	6.11973393695957E-09
+H-NH3CO2	1	-60.0091018879391	6.11973393695957E-09
+H-NH2OH-CO	1	-60.0091018879391	6.11973393695957E-09
+H-CH3O2N	1	-60.0091018879391	6.11973393695957E-09
-(CH3)3SiOH	-1	-60.0025927032309	1.26118073153387E-08
+H-CClN	1	-59.9646502341091	1.2938505834637E-06
-H-C4H10	-1	-59.0855267746209	9.977467819077E-10
-H-C3H8N	-1	-59.0729507145909	2.91716496687759E-09
+H-C3H8O	1	-59.0502384250891	2.7922810748174E-09
+H-H2O-C3H6	1	-59.0502384250891	2.7922810748174E-09
-H-C3H6O	-1	-59.0491412652709	2.7922810748174E-09
-H-H4F2O	-1	-59.0302975262709	3.50655892631494E-08
+H-CH4ON2	1	-59.0250863050291	6.23229622152055E-09
+H-CH4N2O	1	-59.0250863050291	6.23229622152055E-09
+H-CH3CO2H	1	-59.0138529157391	5.44507451773659E-09
+H-C2H4O2	1	-59.0138529157391	5.44507451773659E-09
-H-C2H2O2	-1	-59.0127557559209	5.44507451773659E-09
+H-C2H4S	1	-58.9960948509991	4.47617267574432E-08
-H-C4H9	-1	-58.0777017423909	9.07042529007E-10
+H-C3H9N	1	-58.0662228421791	2.89309315414752E-09
+H-2(CH3)-CHNH2	1	-58.0662228421791	2.89309315414752E-09
-H-C3H7N	-1	-58.0651256823609	2.89309315414752E-09
+H-C3H7O	1	-58.0424133928591	2.77306314413463E-09
+H-CH5N3	1	-58.0410707221191	8.40967452107297E-09
-H-CH3N3	-1	-58.0399735623009	8.40967452107297E-09
+H-C2H5ON	1	-58.0298373328291	3.92030320694893E-09
+H-C2H5NO	1	-58.0298373328291	3.92030320694893E-09
-H-C2H3ON	-1	-58.0287401730109	3.92030320694893E-09
-H-C2H3NO	-1	-58.0287401730109	3.92030320694893E-09
+H-CHSN	1	-57.9756937587391	4.48484289604163E-08
-C4H9	1	-57.0709738699791	8.163382761063E-10
-H-C4H8	-1	-57.0698767101609	8.163382761063E-10
+H-C2H6N2	1	-57.0458217499191	5.61955999960173E-09
-H-C2H4N2	-1	-57.0447245901009	5.61955999960173E-09
+H-C3H6O	1	-57.0345883606291	2.75669717686234E-09
-H-C3H4O	-1	-57.0334912008109	2.75669717686234E-09
+H-C2H2O2	1	-56.9982028512791	5.43902734059594E-09
+H-C3H7N	1	-56.0505727777191	2.85300274741115E-09
+H-C3H5O	1	-56.0267633283991	2.74323421739237E-09
+H-CH3N3	1	-56.0254206576591	8.40380261622396E-09
+H-C2H3NO	1	-56.0141872683691	3.90769114650618E-09
+H-C2H3ON	1	-56.0141872683691	3.90769114650618E-09
+H-2(C2H4)	1	-55.0553238055191	6.349297703049E-10
+H-C4H8	1	-55.0553238055191	6.349297703049E-10
-H-3H2O	-1	-55.0389705044109	8.18207894738831E-09
+H-C2H4N2	1	-55.0301716854591	5.60783544740887E-09
+H-H5FO2	1	-55.0200811106991	1.83086173725901E-08
+H-C3H4O	1	-55.0189382961691	2.73271717179302E-09
+H-C2O2	1	-54.9825527868191	5.43902734059594E-09
+H-C3H5N	1	-54.0349227132591	2.82401831560104E-09
+H-CHN3	1	-54.0097705931991	8.401844402658E-09
+H-C4H6	1	-53.0396737410591	4.535212645035E-10
+H-3(H2O)	1	-53.0244175997691	8.17000377144542E-09
+H-3H2O	1	-53.0244175997691	8.17000377144542E-09
-H-H4OS	-1	-53.0055623752109	4.48457078913856E-08
+H-H2-C3O	1	-53.0032882317091	2.72064790979249E-09
+H-H3ClO	1	-52.9799659459391	1.29385041920064E-06
+Li-3(CH3)-N	1	-52.0580444378091	3.17064979451726E-08
+H-2H2O-NH3	1	-52.0404020168591	6.14120638205487E-09
-H-CH6O2	-1	-51.0440558848409	5.47521022093903E-09
+H-H4OS	1	-50.9910094705691	4.48442402109298E-08
+H-H5NO2	1	-50.0247519523991	6.12779492126703E-09
+H-CH6O2	1	-49.0295029801991	5.4571487690563E-09
-H-CH4O2	-1	-49.0284058203809	5.4571487690563E-09
-H-CHFO	-1	-49.0084192668509	1.76897046214821E-08
+H-CH7NO	1	-48.0454873972891	3.94123362214162E-09
+H-CH7ON	1	-48.0454873972891	3.94123362214162E-09
-H-CH5NO	-1	-48.0443902374709	3.94123362214162E-09
-H-HNO2	-1	-48.0080047281209	6.11973393695957E-09
+H-3CH4	1	-47.0866239344391	9.977467819077E-10
+H-C2H8O	1	-47.0502384250891	2.7922810748174E-09
-H-C2H6O	-1	-47.0491412652709	2.7922810748174E-09
+H-CH4O2	1	-47.0138529157391	5.44507451773659E-09
-H-CH2O2	-1	-47.0127557559209	5.44507451773659E-09
+H-HFN2	1	-47.0050997514991	1.83540953417353E-08
+H-CH4S	1	-46.9960948509991	4.47617267574432E-08
-H-CH2S	-1	-46.9949976911809	4.47617267574432E-08
+H-HF-CO	1	-46.9938663622091	1.76887744219126E-08
+H-OS	1	-46.9597093416491	4.48435063526886E-08
-H-C2H7N	-1	-46.0651256823609	2.89309315414752E-09
+H-CH5ON	1	-46.0298373328291	3.92030320694893E-09
+H-CH5NO	1	-46.0298373328291	3.92030320694893E-09
-H-CH3NO	-1	-46.0287401730109	3.92030320694893E-09
-CH2O2	-1	-46.0049307236909	5.44129581958498E-09
+H-HNO2	1	-45.9934518234791	6.11704458159311E-09
+H-C2H6O	1	-45.0345883606291	2.75669717686234E-09
+H-C2H4-H2O	1	-45.0345883606291	2.75669717686234E-09
-H-C2H4O	-1	-45.0334912008109	2.75669717686234E-09
+H-CH2O2	1	-44.9982028512791	5.43902734059594E-09
+H-HCO2H	1	-44.9982028512791	5.43902734059594E-09
+H-H2O-CO	1	-44.9982028512791	5.43902734059594E-09
-H-CO2	-1	-44.9971056914609	5.43902734059594E-09
+H-O2N	1	-44.9856267912491	6.11771703127007E-09
+H-NO2	1	-44.9856267912491	6.11771703127007E-09
+H-CH2S	1	-44.9804447865391	4.47609915463907E-08
+H-NH3-C2H4	1	-44.0505727777191	2.85300274741115E-09
+H-2(CH3)-NH	1	-44.0505727777191	2.85300274741115E-09
+H-C2H7N	1	-44.0505727777191	2.85300274741115E-09
-H-C2H3O	-1	-44.0256661685809	2.74323421739237E-09
+H-H3N3	1	-44.0254206576591	8.40380261622396E-09
-H-HN3	-1	-44.0243234978409	8.40380261622396E-09
+H-CH3NO	1	-44.0141872683691	3.90769114650618E-09
+H-CH3ON	1	-44.0141872683691	3.90769114650618E-09
-H-CHNO	-1	-44.0130901085509	3.90769114650618E-09
-H-CHON	-1	-44.0130901085509	3.90769114650618E-09
-H-CONH	-1	-44.0130901085509	3.90769114650618E-09
+H-COOH	1	-43.9903778190491	5.4382709706538E-09
-CO2	-1	-43.9892806592309	5.4382709706538E-09
-C3H7	1	-43.0553238055191	6.349297703049E-10
+H-C3H8	1	-43.0553238055191	6.349297703049E-10
-H-C3H6	-1	-43.0542266457009	6.349297703049E-10
+H-CH4N2	1	-43.0301716854591	5.60783544740887E-09
-H-CH2N2	-1	-43.0290745256409	5.60783544740887E-09
+H-C2H4O	1	-43.0189382961691	2.73271717179302E-09
-H-C2H2O	-1	-43.0178411363509	2.73271717179302E-09
+H-CO2	1	-42.9825527868191	5.43902734059594E-09
+H-C3H7	1	-42.0474987732891	5.442255174042E-10
-H-C3H5	-1	-42.0464016134709	5.442255174042E-10
+H-C2H5N	1	-42.0349227132591	2.82401831560104E-09
-H-C2H3N	-1	-42.0338255534409	2.82401831560104E-09
+H-C2H3O	1	-42.0111132639391	2.72518014698865E-09
-C2H2O	-1	-42.0100161041209	2.72518014698865E-09
+H-HN3	1	-42.0097705931991	8.401844402658E-09
+H-CHNO	1	-41.9985372039091	3.90347807096513E-09
+H-CHON	1	-41.9985372039091	3.90347807096513E-09
+H-C3H6	1	-41.0396737410591	4.535212645035E-10
-H-H2F2	-1	-41.0197328422409	3.49581208934408E-08
+H-CH2N2	1	-41.0145216209991	5.60196396929338E-09
+H-C2H2O	1	-41.0032882317091	2.72064790979249E-09
+H-C2H3N	1	-40.0192726487991	2.8064839762448E-09
+H-H2F2	1	-39.0051799375991	3.49571794958985E-08
-H-2H2O	-1	-37.0284058203809	5.4571487690563E-09
+H-H3FO	1	-37.0095164266691	1.76897046214821E-08
-H-HCl	-1	-36.9839541665509	1.29384756195151E-06
+H-H4FN	1	-36.0255008437591	1.77035739718887E-08
-HCl  	-1	-35.9761291343209	1.29384755241338E-06
+H-2H2O	1	-35.0138529157391	5.44507451773659E-09
+H-2(H2O)	1	-35.0138529157391	5.44507451773659E-09
-H-H2S	-1	-34.9949976911809	4.47617267574432E-08
-Cl	1	-34.9694012619091	1.293847549234E-06
+H-HCl	1	-34.9694012619091	1.293847549234E-06
+H-H2O-NH3	1	-34.0298373328291	3.92030320694893E-09
+H-H5ON	1	-34.0298373328291	3.92030320694893E-09
-H-H3NO	-1	-34.0287401730109	3.92030320694893E-09
-H-H3ON	-1	-34.0287401730109	3.92030320694893E-09
+H-Cl	1	-33.9615762296791	1.29384755241338E-06
-H-H4N2	-1	-33.0447245901009	5.61955999960173E-09
+H-CH6O	1	-33.0345883606291	2.75669717686234E-09
-CH5O	1	-33.0345883606291	2.75669717686234E-09
-H-CH4O	-1	-33.0334912008109	2.75669717686234E-09
+H-H2O2	1	-32.9982028512791	5.43902734059594E-09
+H-H2S	1	-32.9804447865391	4.47609915463907E-08
-H-CH5N	-1	-32.0494756179009	2.85300274741115E-09
+H-CH5O	1	-32.0267633283991	2.74323421739237E-09
-CH4-O	1	-32.0267633283991	2.74323421739237E-09
-CH4O	-1	-32.0256661685809	2.74323421739237E-09
+H-NH2OH	1	-32.0141872683691	3.90769114650618E-09
+H-H3ON	1	-32.0141872683691	3.90769114650618E-09
+H-H3NO	1	-32.0141872683691	3.90769114650618E-09
-H-HNO	-1	-32.0130901085509	3.90769114650618E-09
+H-HS	1	-31.9726197543091	4.476089964416E-08
+H-2CH4	1	-31.0553238055191	6.349297703049E-10
-H-C2H6	-1	-31.0542266457009	6.349297703049E-10
+H-CH6N	1	-31.0427477454891	2.83709795394847E-09
+H-CH4O	1	-31.0189382961691	2.73271717179302E-09
+H-CH3OH	1	-31.0189382961691	2.73271717179302E-09
-H-CH2O	-1	-31.0178411363509	2.73271717179302E-09
-H-HCHO	-1	-31.0178411363509	2.73271717179302E-09
-H-NO	-1	-31.0052650763209	3.90453176603802E-09
-H-ON	-1	-31.0052650763209	3.90453176603802E-09
-H-C2H5	-1	-30.0464016134709	5.442255174042E-10
+H-CH5N	1	-30.0349227132591	2.82401831560104E-09
+H-CH3NH2	1	-30.0349227132591	2.82401831560104E-09
-H-CH3N	-1	-30.0338255534409	2.82401831560104E-09
-CH2O	1	-30.0111132639391	2.72518014698865E-09
+H-HNO	1	-29.9985372039091	3.90347807096513E-09
+H-C2H6	1	-29.0396737410591	4.535212645035E-10
-H-C2H4	-1	-29.0385765812409	4.535212645035E-10
+H-CH2O	1	-29.0032882317091	2.72064790979249E-09
+H-H2-CO	1	-29.0032882317091	2.72064790979249E-09
+H-CO-H2	1	-29.0032882317091	2.72064790979249E-09
-H-CO	-1	-29.0021910718909	2.72064790979249E-09
+H-ON	1	-28.9907121716791	3.90453176603802E-09
+H-NO	1	-28.9907121716791	3.90453176603802E-09
+H-C2H5	1	-28.0318487088291	3.628170116028E-10
+H-CH3N	1	-28.0192726487991	2.8064839762448E-09
-H-HCN	-1	-28.0181754889809	2.8064839762448E-09
-C-O	1	-27.9954631994791	2.7191354853269E-09
-CO	-1	-27.9943660396609	2.7191354853269E-09
+H-C2H4	1	-27.0240236765991	2.721127587021E-10
-H-C2H2	-1	-27.0229265167809	2.721127587021E-10
+H-CH2N	1	-27.0114476165691	2.80208324723517E-09
+H-N2	1	-26.9988715565391	5.60196396929338E-09
+H-CO	1	-26.9876381672491	2.72064790979249E-09
+H-HCN	1	-26.0036225843391	2.800614800886E-09
+H-CHN	1	-26.0036225843391	2.800614800886E-09
-H-H4O	-1	-21.0334912008109	2.75669717686234E-09
-H-HF	-1	-21.0135046472809	1.74794722977475E-08
-2H+3Na-C3H5NO2	1	-20.0789192030891	1.31185915987947E-07
-2H-H2O	-2	-20.0251175886719	2.74323421739237E-09
-H-H2O	-1	-19.0178411363509	2.73271717179302E-09
+H-HF	1	-18.9989517426391	1.74785309097116E-08
-H-NH3	-1	-18.0338255534409	2.82401831560104E-09
-HOH	1	-18.0111132639391	2.72518014698865E-09
-H-HO	-1	-18.0100161041209	2.72518014698865E-09
-H2O	-1	-18.0100161041209	2.72518014698865E-09
-CH5	1	-17.0396737410591	4.535212645035E-10
-H-CH4	-1	-17.0385765812409	4.535212645035E-10
-H3N	1	-17.0270976810291	2.81380322986349E-09
+H-H2O	1	-17.0032882317091	2.72064790979249E-09
-HO	-1	-17.0021910718909	2.72064790979249E-09
-H-O	-1	-17.0021910718909	2.72064790979249E-09
+H-HCl+H2O	1	-16.9588365778791	1.29385041920064E-06
-C-H4	1	-16.0318487088291	3.628170116028E-10
-CH4	-1	-16.0307515490109	3.628170116028E-10
-H-CH3	-1	-16.0307515490109	3.628170116028E-10
+H-NH3	1	-16.0192726487991	2.8064839762448E-09
+2H-H2O	2	-15.9960117793881	2.7191354853269E-09
+H-OH	1	-15.9954631994791	2.7191354853269E-09
+H-HO	1	-15.9954631994791	2.7191354853269E-09
+H-CH4	1	-15.0240236765991	2.721127587021E-10
-CH3	1	-15.0240236765991	2.721127587021E-10
+2H-NH3	2	-15.0119961964781	2.80208324723517E-09
+H-CH3	1	-14.0161986443691	1.814085058014E-10
-CH2	-1	-14.0151014845509	1.814085058014E-10
-CH2-H	-1	-15.022927	2.72E-10
+H-CH3OH+H2O	1	-13.0083736121391	9.07042529007E-11
+H-CH2	1	-13.0083736121391	9.07042529007E-11
+Na-H2S	1	-10.9985005367691	6.25424856463146E-08
+Li-H2O	1	-10.9951098273391	3.16894109654439E-08
+H-CO-H2+H2O	1	-10.9927235476791	9.07042529007E-11
-4H	-4	-4.02910580928374	3.628170116028E-10
-H-H2	-1	-3.02292651678093	2.721127587021E-10
-3H	-3	-3.0218293569628	2.721127587021E-10
-H-H	-1	-2.01510148455093	1.814085058014E-10
-2H	-2	-2.01455290464187	1.814085058014E-10
+H-H2	1	-1.00837361213907	9.07042529007E-11
-H	-1	-1.00727645232094	9.07042529007E-11
+	1	-0.000548579909065	1.6E-14
	0	0	0
+H-H	1	-0.000548579909065	0
-	-1	0.000548579909065	1.6E-14
+NH4-H2O	1	0.0232608694109331	3.90769114650618E-09
+H	1	1.00727645232094	9.07042529007E-11
+Na-3H-H2O	-2	1.95682666109813	4.3767463304878E-08
+2H	2	2.01455290464187	1.814085058014E-10
+Na-2H-H2O	-1	2.96410311341907	4.37666174017412E-08
+H-CH4+H2O	1	2.98654100743093	2.72064790979249E-09
+3H	3	3.0218293569628	2.721127587021E-10
+4H	4	4.02910580928374	3.628170116028E-10
+Na-H2O	1	4.97865601806094	4.37654895054593E-08
-H2O+Na	1	4.97865601806094	4.37654895054593E-08
-2H+Li	-1	5.00090195204907	3.15725366346962E-08
+H-CH2+H2O	1	5.00219107189094	2.72064790979249E-09
+5H	5	5.03638226160468	4.535212645035E-10
+H+Na-H2O	2	5.98593247038187	4.3765207526847E-08
+6H	6	6.04365871392561	5.442255174042E-10
+Li	1	7.01545485669094	3.15720154647E-08
+7H	7	7.05093516624654	6.349297703049E-10
+8H	8	8.05821161856748	7.256340232056E-10
+9H	9	9.06548807088842	8.163382761063E-10
-H+2Na-H2S	1	10.9834437130009	9.81609802395214E-08
+H-H2O+N2	1	11.0028597771509	6.22701357801837E-09
+H-NH3+N2	1	11.9868753600609	2.8064839762448E-09
+2Li-H	1	13.0236332610609	6.31440960761536E-08
-H+OH	-2	15.9960117793881	2.7191354853269E-09
-H+NH3	-1	16.0192726487991	2.8064839762448E-09
+H+O	1	17.0021910718909	2.72064790979249E-09
+H-H2+H2O	1	17.0021910718909	2.72064790979249E-09
-H+H2O	-1	17.0032882317091	2.72064790979249E-09
+OH	-1	17.0032882317091	2.72064790979249E-09
-5H+Na	-4	17.9528384404863	4.36829159552826E-08
+NH4	1	18.0338255534409	2.82401831560104E-09
-4H+Na	-3	18.9601148928072	4.36820684148866E-08
+H+H2O	1	19.0178411363509	2.73271717179302E-09
-2H+3Li	1	19.0318116654309	9.47162201187066E-08
+H+NH4	2	19.0411020057619	2.83709795394847E-09
+Na-3H	-2	19.9673913451281	4.36814092054317E-08
-3H+Na	-2	19.9673913451281	4.36814092054317E-08
-2H+Na	-1	20.9746677974491	4.36809383354445E-08
+Na-2H	-1	20.9746677974491	4.36809383354445E-08
+H+K-H2O	2	21.9598696747819	1.90941545466356E-07
+Na	1	22.9892207020909	4.36805616358E-08
+H+Na	2	23.9964971544119	4.36806558110157E-08
+2H+Na	3	25.0037736067328	4.36809383354445E-08
+2Na-H-H2O	1	26.9606002678309	8.74038534757862E-08
+2Na-H2O	2	27.9678767201519	8.74036181522781E-08
+CH3OH+H	1	33.0334912008109	2.75669717686234E-09
+HOO	-1	32.998203	5.44E-09
-H+Cl	-2	33.9621248095881	1.29384755241338E-06
+Cl	-1	34.9694012619091	1.293847549234E-06
-H+2H2O	-1	35.0138529157391	5.44507451773659E-09
-H+2(H2O)	-1	35.0138529157391	5.44507451773659E-09
+K-3H	-2	35.9413285495281	1.90922355698292E-07
-2H+K	-1	36.9486050018491	1.90922247967798E-07
+K-2H	-1	36.9486050018491	1.90922247967798E-07
+K	1	38.9631579064909	1.9092216178336E-07
+H+K	2	39.9704343588119	1.90922183329473E-07
-5H+2Na	-3	40.9420591425772	8.73623004551337E-08
+2H+K	3	40.9777108111328	1.90922247967798E-07
+2Na-4H	-2	41.9493355948981	8.73618766708889E-08
-4H+2Na	-2	41.9493355948981	8.73618766708889E-08
+CH3CN+H	1	42.0338255534409	2.82401831560104E-09
+CH3CN+2H	2	43.0411020057619	2.83709795394847E-09
-H+HCO2	-2	43.9909263989581	5.4382709706538E-09
-H+2Na	1	44.9711649518609	8.73611703592459E-08
+2Na-H	1	44.9711649518609	8.73611703592459E-08
+CH2O2-H	-1	44.9982028512791	5.43902734059594E-09
+HCO2	-1	44.9982028512791	5.43902734059594E-09
+2Na	2	45.9784414041819	8.73611232716E-08
+H+2Na	3	46.9857178565028	8.73611703592459E-08
+Na+CH3OH	1	55.0154354505809	4.37666174017412E-08
-H+Ni	1	56.9269687978609	3.01263780533365E-05
-H+Co	1	57.9248206778609	3.30025888025246E-05
+CH3COOH-H	-1	59.0138529157391	5.44507451773659E-09
+C2H3O2	-1	59.0138529157391	5.44507451773659E-09
+CH3CO2	-1	59.0138529157391	5.44507451773659E-09
+C3H8O+H	1	61.0647913297309	2.83903257617805E-09
+NO3	-1	61.9883664430491	8.62477381448449E-09
-6H+3Na	-3	62.9240033923472	1.31042815006333E-07
+CH3CN+Na	1	64.0157698032109	4.37710972381926E-08
-2H+3Na	1	66.9531092016309	1.31041810474429E-07
+3Na	3	68.9676621062728	1.310416849074E-07
+2Cl	-2	69.9388025238181	2.587695098468E-06
+2K-4H	-2	73.8972100036981	3.81844495935597E-07
+2K-H	1	76.9190393606609	3.81844334339777E-07
-H+2K	1	76.9190393606609	3.81844334339777E-07
+2K	2	77.9263158129819	3.8184432356672E-07
+Br	-1	78.9188861799091	0.00011048567264
+H+2K	3	78.9335922653028	3.81844334339777E-07
+C2H6SO+H	1	79.0212124396709	4.48479093220113E-08
-2H+Na+Co	1	79.906764927631	3.30026177095798E-05
+ClO3	-1	82.9541451206191	1.29387326424921E-06
+2(CH3CN)+H	1	83.0603746545609	5.63710110473339E-09
+C3H8O+Na+H	1	84.0545606117309	4.37727263348712E-08
+2(CH3CN)+2H	2	84.0676511068819	5.64803663120207E-09
-6H+4Na	-2	85.9132240944381	1.74723094118999E-07
+ClO4	-1	98.9490597401891	1.29389326446327E-06
+C2HF3O2-H	-1	112.985587307239	5.27168490712974E-08
+C2F3O2	-1	112.985587307239	5.27168490712974E-08
-2H+3K	1	114.874920814831	5.72766514078232E-07
+C6H6N3+2H	2	122.070725111312	8.43312125503417E-09
+3(CH3CN)+2H	2	125.094200208002	8.460879860114E-09
+KSO4	-1	134.915984718989	1.96400379738908E-07
+Ba-H	1	136.896873387861	4.27506265700962E-05
-5H+7Na	2	155.888162653032	3.05764267790834E-07
+[M]-H	-1		
+[M]+H	1		
-6H+8Na	2	177.870106902802	3.4944491687507E-07
+[M]+NH4	1		
+[M]-2H+Na	-1		
+[M]+Na	1		
+[M]+CH3OH+H	1		
+[M]-H+2NH4	1		
+[M]-2H+K	-1		
+[M]+K	1		
+[M]+CH3CN+H	1		
+[M]-3H+2Na	-1		
+[M]-H+2Na	1		
+[M]+HCOOH-H	-1		
+[M]+3(H2O)+H	1		
+[M]+CH3COOH-H	-1		
+[M]+CH3CN+Na	1		
+[M]-4H+3Na	-1		
+[M]-2H+3Na	1		
+[M]+ClO3	-1		
+[M]+ClO4	-1		
+[M]+KSO4	-1		
+2[M]-H	-1		
+2[M]+H	1		
+2[M]+Na	1		
+2[M]+K	1		
+2[M]-3H+2Na	-1		
+2[M]+ClO3	-1		
+2[M]+ClO4	-1		
+3[M]-H	-1		
+3[M]+Na	1		
+3[M]+K	1		
+3[M]+NO3	-1		
+4[M]-H	-1		
+4[M]+Na	1		
+4[M]+NO3	-1		
